id,date,heure,sport,nom,duree_min,distance_km,denivele_m,fc_moy,fc_max,puiss_moy,puiss_norm,cadence,calories,temp_c,tss,methode,allure_s,z1_min,z2_min,z3_min,activityName,startTimeLocal,startTimeGMT,activityType_typeId,activityType_typeKey,activityType_parentTypeId,activityType_isHidden,activityType_restricted,activityType_trimmable,eventType_typeId,eventType_typeKey,eventType_sortOrder,isFavorite,isPR,isAutoCalcCalories,isParent,distance,duration,elapsedDuration,movingDuration,averageSpeed,maxSpeed,hasPolyline,hasImages,bmrCalories,averageHR,maxHR,averageSwimCadenceInStrokesPerMinute,averageSwolf,activeLengths,privacy_typeId,privacy_typeKey,userPro,poolLength,unitOfPoolLength_unitId,unitOfPoolLength_unitKey,unitOfPoolLength_factor,hasVideo,isPurposeful,timeZoneId,beginTimestamp,sportTypeId,aerobicTrainingEffect,anaerobicTrainingEffect,strokes,avgStrokeDistance,avgStrokes,deviceId,isElevationCorrected,isDecoDive,manufacturer,lapCount,isAtpActivity,trainingEffectLabel,activityTrainingLoad,minActivityLapDuration,aerobicTrainingEffectMessage,anaerobicTrainingEffectMessage,hasSplits,hasIntensityIntervals,isManualActivity,moderateIntensityMinutes,vigorousIntensityMinutes,hasHeatMap,fastestSplit_100,fastestSplit_400,hrTimeInZone_1,hrTimeInZone_2,hrTimeInZone_3,hrTimeInZone_4,hrTimeInZone_5,endTimeGMT,qualifyingDive,activityUUID,purposeful,autoCalcCalories,elevationCorrected,favorite,parent,decoDive,pr,manualActivity,atpActivity,fichier,fc_h1,fc_h2,derive_fc_bpm,pz1_min,pz2_min,pz3_min,pz4_min,pz5_min,materiel,elevationGain,elevationLoss,startLatitude,startLongitude,averageRunningCadenceInStepsPerMinute,maxRunningCadenceInStepsPerMinute,steps,avgPower,maxPower,normPower,avgVerticalOscillation,avgGroundContactTime,avgStrideLength,vO2MaxValue,avgVerticalRatio,avgGroundContactBalance,minTemperature,maxTemperature,minElevation,maxElevation,avgElevation,maxDoubleCadence,maxVerticalSpeed,locationName,endLatitude,endLongitude,waterEstimated,minRespirationRate,maxRespirationRate,avgRespirationRate,splitSummaries_noOfSplits,splitSummaries_totalAscent,splitSummaries_duration,splitSummaries_splitType,splitSummaries_maxElevationGain,splitSummaries_averageElevationGain,splitSummaries_maxDistance,splitSummaries_maxDistanceWithPrecision,splitSummaries_distance,splitSummaries_averageSpeed,splitSummaries_maxSpeed,splitSummaries_elevationLoss,splitSummaries_avgStepFrequency,splitSummaries_avgStepLength,splitSummaries_verticalRatio,splitSummaries_verticalOscillation,splitSummaries_avgGroundContactBalanceLeft,splitSummaries_avgGroundContactTime,splitSummaries1_noOfSplits,splitSummaries1_totalAscent,splitSummaries1_duration,splitSummaries1_splitType,splitSummaries1_maxElevationGain,splitSummaries1_averageElevationGain,splitSummaries1_maxDistance,splitSummaries1_maxDistanceWithPrecision,splitSummaries1_distance,splitSummaries1_averageSpeed,splitSummaries1_maxSpeed,splitSummaries1_elevationLoss,splitSummaries1_avgStepFrequency,splitSummaries1_avgStepLength,splitSummaries1_verticalRatio,splitSummaries1_verticalOscillation,splitSummaries1_avgGroundContactBalanceLeft,splitSummaries1_avgGroundContactTime,avgGradeAdjustedSpeed,differenceBodyBattery,fastestSplit_1000,fastestSplit_1609,fastestSplit_5000,fastestSplit_10000,avgStepSpeedLoss,avgStepSpeedLossPercent,powerTimeInZone_1,powerTimeInZone_2,powerTimeInZone_3,powerTimeInZone_4,powerTimeInZone_5,v_h1_kmh,v_h2_kmh,decouplage_pct,negative_split,split_delta_pct,best_1km_s,best_5km_s,best_10km_s,meteo_temp_c,meteo_ressenti_c,meteo_humidite_pct,meteo_vent_kmh,meteo_rosee_c,meteo,z4_min,fastestSplit_750,caloriesConsumed,waterConsumed,fastestSplit_40000,splitSummaries2_noOfSplits,splitSummaries2_totalAscent,splitSummaries2_duration,splitSummaries2_splitType,splitSummaries2_maxElevationGain,splitSummaries2_averageElevationGain,splitSummaries2_maxDistance,splitSummaries2_maxDistanceWithPrecision,splitSummaries2_distance,splitSummaries2_averageSpeed,splitSummaries2_maxSpeed,splitSummaries2_elevationLoss,splitSummaries2_avgStepFrequency,splitSummaries2_avgStepLength,splitSummaries2_verticalRatio,splitSummaries2_verticalOscillation,splitSummaries2_avgGroundContactBalanceLeft,splitSummaries2_avgGroundContactTime,fastestSplit_1500,pz6_min,pz7_min,averageBikingCadenceInRevPerMinute,maxBikingCadenceInRevPerMinute,max20MinPower,trainingStressScore,intensityFactor,maxAvgPower_1,maxAvgPower_2,maxAvgPower_5,maxAvgPower_10,maxAvgPower_20,maxAvgPower_30,maxAvgPower_60,maxAvgPower_120,maxAvgPower_300,maxAvgPower_600,maxAvgPower_1200,maxAvgPower_1800,maxAvgPower_3600,maxAvgPower_7200,excludeFromPowerCurveReports,powerTimeInZone_6,powerTimeInZone_7,watts_h1,watts_h2,p5min_w,p20min_w,p60min_w,courseId,z5_min,description
23921484321,2026-08-10,12:19,lap_swimming,Pool Swim,41.7,1.575,,110.0,154.0,,,,346.0,,26.4,CSS,158.9,14.3,12.4,3.9,Pool Swim,2026-08-10 12:19:48,2026-08-10 10:19:48,27,lap_swimming,26,0,0,0,9,uncategorized,10,0,0,0,0,1575.0,2502.681884765625,2814.3291015625,1794.625,0.878000020980835,3.359999895095825,0,0,67.0,110.0,154.0,24.0,40.0,63,2,private,0,2500.0,1,meter,100.0,0,0,124,1786357188000,5,1.899999976158142,0.699999988079071,723.0,0.0,11.5,3611064555,0,0,GARMIN,19,0,RECOVERY,26.716262817382812,1.5470000505447388,RECOVERY_5,NO_ANAEROBIC_BENEFIT_0,0,0,0,20,14,0,94.19100189208984,436.18798828125,859.142,745.924,235.003,0.0,0.0,2026-08-10 11:06:42,0,bc17ea52-b0cd-4ead-aafa-8e5e07cce0da,0,0,0,0,0,0,0,0,0,seances/2026-08-10_lap_swimming_23921484321.md,105.3,115.2,9.9,,,,,,,,,,,,,,,,,,,,,,,,,,,,,,,,,,,,,,,,,,,,,,,,,,,,,,,,,,,,,,,,,,,,,,,,,,,,,,,,,,,,,,,,,,,,,,,,,,,,,,,,,,,,,,,,,,,,,,,,,,,,,,,,,,,,,,,,,,,,,,,,,,,,,,,,,,,
23931645923,2026-08-11,06:54,running,Montmartin Running,85.6,14.012,163.0,133.0,151.0,417.0,425.0,145.1875,1107.0,28.0,66.6,FC,366.5,3.0,43.9,38.0,Montmartin Running,2026-08-11 06:54:30,2026-08-11 04:54:30,1,running,17,0,0,1,9,uncategorized,10,0,0,0,0,14011.759765625,5134.93603515625,5134.93603515625,5133.388000488281,2.7290000915527344,3.266000032424927,1,0,138.0,133.0,151.0,,,,2,private,0,,,,,0,0,124,1786424070000,1,3.4000000953674316,0.0,,,,3611064555,0,0,GARMIN,15,0,AEROBIC_BASE,92.36068725585938,2.575000047683716,IMPROVING_AEROBIC_BASE_8,NO_ANAEROBIC_BENEFIT_0,1,0,0,1,84,0,,,180.998,2634.821,2279.205,0.0,0.0,2026-08-11 06:20:04,0,2e3bad0f-a229-405d-b101-1f75eb530803,0,0,0,0,0,0,0,0,0,seances/2026-08-11_running_23931645923.md,125.7,140.3,14.6,2.0,21.7,35.0,19.6,7.3,Running,163.0,165.0,49.46450429968536,2.6940817292779684,145.1875,151.0,12366,417.0,641.0,425.0,12.960000610351564,301.1000061035156,112.6199951171875,50.0,11.270000457763672,51.04999923706055,20.0,28.0,57.0,127.5999984741211,86.80646546242184,151.0,1.4000015258789062,Montmartin,49.4640947598964,2.6947275549173355,1426.0,15.029999732971191,37.119998931884766,28.1200008392334,1,163.0,5134.93603515625,INTERVAL_ACTIVE,163.0,163.0,14011,14011.740234375,14011.740234375,2.7290000915527344,3.2660000324249268,165.0,145.1875,1.126199951171875,11.270000457763672,12.960000610351564,51.04999923706055,301.1000061035156,1,163.0,5134.86181640625,RWD_RUN,163.0,163.0,14011,14011.740234375,14011.740234375,2.7290000915527344,3.2660000324249268,165.0,145.1875,1.126199951171875,11.270000457763672,12.960000610351564,51.04999923706055,301.1000061035156,2.75,-23,333.0820007324219,542.9769897460938,1767.4300537109375,3625.277099609375,17.100000381469727,6.289999961853027,119.995,1299.9,2097.927,1175.198,438.003,9.53,10.07,5.3,oui,5.7,333.1,353.4,362.5,57,57,88,5,54,Fair,,,,,,,,,,,,,,,,,,,,,,,,,,,,,,,,,,,,,,,,,,,,,,,,,,,,,,,,
23964673828,2026-08-13,18:18,lap_swimming,Pool Swim,40.3,2.025,,135.0,158.0,,,,541.0,,59.9,CSS,119.5,6.2,5.2,27.2,Pool Swim,2026-08-13 18:18:03,2026-08-13 16:18:03,27,lap_swimming,26,0,0,0,9,uncategorized,10,0,1,0,0,2025.0,2420.781005859375,2464.2890625,2323.471923828125,0.8719999790191652,1.7940000295639038,0,0,65.0,135.0,158.0,23.0,39.0,81,2,private,0,2500.0,1,meter,100.0,0,0,124,1786637883000,5,3.200000047683716,1.0,875.0,0.0,10.800000190734863,3611064555,0,0,GARMIN,4,0,AEROBIC_BASE,91.38072204589844,5.309999942779541,IMPROVING_AEROBIC_BASE_8,MINOR_ANAEROBIC_BENEFIT_15,0,0,0,6,34,0,82.06099700927734,426.93499755859375,369.161,314.563,1629.574,71.004,0.0,2026-08-13 16:59:07,0,d6d6ae61-bef1-4f41-a480-bf341ad66b6a,0,0,0,0,0,0,1,0,0,seances/2026-08-13_lap_swimming_23964673828.md,127.2,143.5,16.3,,,,,,,,,,,,,,,,,,,,,,,,,,,,,,,,,,,,,,,,,,,,,,,,,,,,,,,,,,,,,,,,,,,,,,,,,,,1113.240966796875,,,,,,,,,,,,,,,,,,,,,,,,,1.2,822.5549926757812,,,,,,,,,,,,,,,,,,,,,,,,,,,,,,,,,,,,,,,,,,,,,,,,,,,,,,
23988282820,2026-08-15,16:43,running,Montmartin Running,50.1,8.008,148.0,144.0,156.0,395.0,404.0,144.78125,683.0,34.0,50.8,FC,375.6,0.3,2.3,47.1,Montmartin Running,2026-08-15 16:43:01,2026-08-15 14:43:01,1,running,17,0,0,1,9,uncategorized,10,0,0,0,0,8007.56982421875,3007.886962890625,3011.8310546875,3006.133026123047,2.661999940872192,2.938999891281128,1,0,81.0,144.0,156.0,,,,2,private,0,,,,,0,0,124,1786804981000,1,3.200000047683716,0.0,,,,3611064555,0,0,GARMIN,9,0,AEROBIC_BASE,76.683349609375,2.072000026702881,IMPROVING_AEROBIC_BASE_8,NO_ANAEROBIC_BENEFIT_0,1,0,0,0,49,0,,,19.93,137.119,2823.61,19.123,0.0,2026-08-15 15:33:12,0,4f42f608-625e-4f14-bc59-ca636835dd9f,0,0,0,0,0,0,0,0,0,seances/2026-08-15_running_23988282820.md,137.9,148.7,10.8,7.7,21.2,12.0,5.2,3.9,Running,148.0,153.0,49.46451653726399,2.6941227167844772,144.78125,150.0,7222,395.0,656.0,404.0,12.240000152587891,311.79998779296875,110.20999755859376,49.0,10.869999885559082,49.369998931884766,31.0,34.0,61.0,88.19999694824219,71.22567343323342,150.0,4.0,Montmartin,49.465110981836915,2.6929016411304474,835.0,13.779999732971191,40.72999954223633,33.709999084472656,1,148.0,3007.886962890625,INTERVAL_ACTIVE,148.0,148.0,8007,8007.580078125,8007.580078125,2.6619999408721924,2.938999891281128,153.0,144.78125,1.1020999755859375,10.869999885559082,12.240000152587891,49.369998931884766,311.79998779296875,1,148.0,3007.798095703125,RWD_RUN,148.0,148.0,8007,8007.580078125,8007.580078125,2.6619999408721924,2.938999891281128,153.0,144.78125,1.1020999755859375,10.869999885559082,12.240000152587891,49.369998931884766,311.79998779296875,2.670000076293945,-8,363.3299865722656,589.1270141601562,1861.3809814453125,,17.18000030517578,6.449999809265137,460.486,1274.379,722.05,311.649,236.285,9.57,9.52,7.7,non,-0.5,363.2,372.3,,84,87,55,8,66,Fair,0.3,,,,,,,,,,,,,,,,,,,,,,,,,,,,,,,,,,,,,,,,,,,,,,,,,,,,,,,
23996700654,2026-08-16,09:14,road_biking,Montmartin Road Cycling,199.0,89.833,585.0,117.0,156.0,,,,1426.0,28.0,102.4,FC,132.9,83.9,82.6,24.5,Montmartin Road Cycling,2026-08-16 09:14:04,2026-08-16 07:14:04,10,road_biking,2,0,0,1,9,uncategorized,10,0,0,0,0,89832.6796875,11942.5517578125,12309.53515625,11932.665954589844,7.5219998359680185,14.659000396728516,1,0,320.0,117.0,156.0,,,,2,private,0,,,,,0,0,124,1786864444000,2,2.4000000953674316,0.0,,,,3611988739,0,0,GARMIN,18,0,AEROBIC_BASE,39.92791748046875,576.9450073242188,MAINTAINING_AEROBIC_BASE_7,NO_ANAEROBIC_BENEFIT_0,1,0,0,135,38,0,,,5032.838,4955.085,1471.954,46.001,0.0,2026-08-16 10:39:13,0,2778ef3c-64b9-4cf9-af12-35cb2292d2ef,0,0,0,0,0,0,0,0,0,seances/2026-08-16_road_biking_23996700654.md,109.5,124.0,14.5,,,,,,Triban,585.0,585.0,49.46454872377217,2.694035042077303,,,,,,,,,,,,,23.0,28.0,31.399999618530273,147.39999389648438,65.64380813377602,,0.4000091552734375,Montmartin,49.46451863273978,2.694079549983144,1956.0,14.229999542236328,42.06999969482422,25.399999618530273,4,585.0,11922.1826171875,SURFACE_TYPE_PAVED,281.0,146.0,39915,39915.98828125,89664.8984375,7.520999908447266,14.659000396728516,581.0,,,,,,,3,0.0,19.9950008392334,SURFACE_TYPE_UNPAVED,0.0,0.0,149,149.41000366210938,153.47999572753906,7.676000118255615,10.524999618530273,4.0,,,,,,,,,,,,,,,,,,,,,,,,,82.8,109.8,115.7,70,70,88,5,66,Cloudy,0.8,,3771.0179999999996,1875.0,5319.43310546875,,,,,,,,,,,,,,,,,,,,,,,,,,,,,,,,,,,,,,,,,,,,,,,,,,,
24018399521,2026-08-18,06:49,running,Montmartin Running,84.7,13.475,146.0,128.0,141.0,397.0,406.0,145.9375,1055.0,29.0,58.1,FC,377.1,4.7,59.6,19.7,Montmartin Running,2026-08-18 06:49:22,2026-08-18 04:49:22,1,running,17,0,0,1,9,uncategorized,10,0,0,0,0,13475.1103515625,5081.05615234375,5085.05322265625,5075.9580078125,2.6519999504089355,3.069999933242798,1,0,137.0,128.0,141.0,,,,2,private,0,,,,,0,0,124,1787028562000,1,3.200000047683716,0.0,,,,3611064555,0,0,GARMIN,14,0,AEROBIC_BASE,87.59799194335938,161.48899841308594,IMPROVING_AEROBIC_BASE_8,NO_ANAEROBIC_BENEFIT_0,1,0,0,1,83,0,,,281.995,3575.805,1179.047,0.0,0.0,2026-08-18 06:14:07,0,9f1be107-ddd2-4734-8a34-e885588d61ca,0,0,0,0,0,0,0,0,0,seances/2026-08-18_running_24018399521.md,121.9,133.1,11.2,6.0,36.9,26.9,10.2,4.6,Running,146.0,132.0,49.46452357806265,2.6941141672432423,145.9375,151.0,12304,397.0,670.0,406.0,12.16999969482422,305.70001220703125,108.85999755859376,49.0,10.930000305175781,50.279998779296875,22.0,29.0,63.400001525878906,103.0,79.7720133363438,151.0,1.0,Montmartin,49.464882239699364,2.6934818364679813,1411.0,13.420000076293945,38.09000015258789,26.09000015258789,1,146.0,5081.05615234375,INTERVAL_ACTIVE,146.0,146.0,13475,13475.099609375,13475.099609375,2.6519999504089355,3.069999933242798,132.0,145.9375,1.0885999755859377,10.930000305175781,12.16999969482422,50.279998779296875,305.70001220703125,1,0.0,3.884000062942505,RWD_STAND,0.0,0.0,7,7.510000228881836,7.510000228881836,1.934000015258789,0.0,0.0,0.0,,,,,,2.6760001182556152,,343.47601318359375,568.0250244140625,1821.7530517578125,3717.760009765625,14.229999542236326,5.360000133514404,359.993,2216.86,1616.022,610.976,273.001,9.25,9.78,3.1,oui,5.8,343.3,364.3,371.8,66,66,88,7,63,Mostly Cloudy,,,,,,1,146.0,5077.0927734375,RWD_RUN,146.0,146.0,13467,13467.58984375,13467.58984375,2.6530001163482666,3.069999933242798,132.0,146.046875,1.0885999755859377,10.930000305175781,12.16999969482422,50.279998779296875,305.70001220703125,,,,,,,,,,,,,,,,,,,,,,,,,,,,,,,,,
24039032967,2026-08-19,18:26,lap_swimming,Pool Swim,46.0,2.1,,119.0,150.0,,,,450.0,,51.3,CSS,131.5,14.9,21.5,7.4,Pool Swim,2026-08-19 18:26:33,2026-08-19 16:26:33,27,lap_swimming,26,0,0,0,9,uncategorized,10,0,1,0,0,2100.0,2762.405029296875,2804.658935546875,2372.501953125,0.8849999904632568,1.9320000410079956,0,0,74.0,119.0,150.0,23.0,39.0,84,2,private,0,2500.0,1,meter,100.0,0,0,124,1787156793000,5,2.299999952316284,1.7999999523162842,890.0,0.0,10.600000381469727,3611064555,0,0,GARMIN,25,0,AEROBIC_BASE,52.57756042480469,1.7510000467300415,MAINTAINING_AEROBIC_BASE_7,MINOR_ANAEROBIC_BENEFIT_15,0,0,0,15,28,0,65.7490005493164,378.56298828125,895.738,1288.545,446.336,0.0,0.0,2026-08-19 17:13:17,0,029e0d81-5073-4f98-ad01-9d9f11471c16,0,0,0,0,0,0,1,0,0,seances/2026-08-19_lap_swimming_24039032967.md,110.8,127.3,16.5,,,,,,,,,,,,,,,,,,,,,,,,,,,,,,,,,,,,,,,,,,,,,,,,,,,,,,,,,,,,,,,,,,,,,,,,,,,,,,,,,,,,,,,,,,,,,,,,,,,,,849.8049926757812,,,,,,,,,,,,,,,,,,,,,,,,,,,,,,,,,,,,,,,,,,,,,,,,,,,,,,
24053174906,2026-08-20,17:04,road_biking,Montmartin Road Cycling,162.1,73.462,558.0,123.0,164.0,,,,1253.0,24.0,97.9,FC,132.4,40.1,93.2,21.0,Montmartin Road Cycling,2026-08-20 17:04:19,2026-08-20 15:04:19,10,road_biking,2,0,0,1,9,uncategorized,10,0,0,0,0,73461.890625,9728.94140625,9891.9423828125,9720.906982421875,7.551000118255615,16.26300048828125,1,0,261.0,123.0,164.0,,,,2,private,0,,,,,0,0,124,1787238259000,2,2.799999952316284,0.0,,,,3611988739,0,0,GARMIN,15,0,AEROBIC_BASE,52.587005615234375,470.0450134277344,MAINTAINING_AEROBIC_BASE_7,NO_ANAEROBIC_BENEFIT_0,1,0,0,99,46,0,,,2406.945,5590.571,1257.011,371.98,0.0,2026-08-20 17:49:10,0,3cf1ddcb-1d8a-41e1-ac51-553c3c38367e,0,0,0,0,0,0,0,0,0,seances/2026-08-20_road_biking_24053174906.md,122.1,123.2,1.1,,,,,,Triban,558.0,559.0,49.46433188393712,2.694343663752079,,,,,,,,,,,,,20.0,24.0,32.0,218.60000610351562,75.32595337193234,,0.8000030517578125,Montmartin,49.46457604877651,2.694005537778139,1533.0,16.139999389648438,37.970001220703125,26.700000762939453,3,557.0,9722.681640625,SURFACE_TYPE_PAVED,357.0,186.0,36094,36094.30078125,73430.390625,7.552000045776367,16.26300048828125,559.0,,,,,,,2,2.0,5.965000152587891,SURFACE_TYPE_UNPAVED,2.0,1.0,20,20.229999542236328,21.329999923706055,3.5759999752044678,5.151000022888184,0.0,,,,,,,,,,,,,,,,,,,,,,,,,69.9,106.8,115.5,70,70,69,9,59,Fair,6.2,,2933.0139999999997,1500.0,5502.52978515625,,,,,,,,,,,,,,,,,,,,,,,,,,,,,,,,,,,,,,,,,,,,,,,,,,,
24071262544,2026-08-22,12:00,lap_swimming,Pool Swim,60.2,3.0,,132.0,149.0,,,,724.0,,87.4,CSS,120.4,10.5,8.5,41.0,Pool Swim,2026-08-22 12:00:41,2026-08-22 10:00:41,27,lap_swimming,26,0,0,0,9,uncategorized,10,0,1,0,0,3000.0,3612.410888671875,3668.39306640625,3519.785888671875,0.8519999980926514,1.7699999809265137,0,0,97.0,132.0,149.0,22.0,40.0,120,2,private,0,2500.0,1,meter,100.0,0,0,124,1787392841000,5,3.200000047683716,0.5,1283.0,0.0,10.699999809265137,3611064555,0,0,GARMIN,5,0,AEROBIC_BASE,84.35824584960938,15.375,IMPROVING_AEROBIC_BASE_8,NO_ANAEROBIC_BENEFIT_0,0,0,0,10,47,0,86.6240005493164,432.1210021972656,627.157,507.524,2457.178,0.0,0.0,2026-08-22 11:01:49,0,149bf286-4251-41d5-bf68-77b7570fd7d9,0,0,0,0,0,0,1,0,0,seances/2026-08-22_lap_swimming_24071262544.md,127.4,136.4,9.0,,,,,,,,,,,,,,,,,,,,,,,,,,,,,,,,,,,,,,,,,,,,,,,,,,,,,,,,,,,,,,,,,,,,,,,,,,,1152.864990234375,,,,,,,,,,,,,,,,,,,,,,,,,,855.1179809570312,,,,,,,,,,,,,,,,,,,,,,1750.862060546875,,,,,,,,,,,,,,,,,,,,,,,,,,,,,,,,
24083373675,2026-08-23,08:55,road_biking,Montmartin Road Cycling,142.7,63.453,436.0,111.0,156.0,168.0,238.0,75.0,1672.0,23.0,336.9,puissance,135.0,70.5,48.7,5.9,Montmartin Road Cycling,2026-08-23 08:55:18,2026-08-23 06:55:18,10,road_biking,2,0,0,1,9,uncategorized,10,0,0,0,0,63453.1484375,8564.35546875,8837.3505859375,8550.123046875,7.408999919891357,15.927000045776367,1,0,230.0,111.0,156.0,,,,2,private,0,,,,,0,0,124,1787468118000,2,3.299999952316284,2.4000000953674316,8319.0,,,3611988739,0,0,GARMIN,13,0,SPEED,125.92288208007812,460.36700439453125,IMPROVING_AEROBIC_BASE_8,MAINTAINING_FAST_FORCE_PRODUCTION_6,1,0,0,36,89,0,,,4229.909,2920.923,351.001,8.999,0.0,2026-08-23 09:22:35,0,cc0f8973-4499-4716-8a38-69c9341a9289,0,0,0,0,0,0,0,0,0,seances/2026-08-23_road_biking_24083373675.md,115.5,105.8,-9.7,52.7,37.5,20.8,13.7,6.4,Triban,436.0,433.0,49.464409248903394,2.694227071478963,,,,168.0,858.0,238.0,,,,,,,15.0,23.0,61.20000076293945,135.39999389648438,99.31207381537561,,1.0,Montmartin,49.464582251384854,2.6939724292606115,1262.0,14.329999923706055,34.220001220703125,24.6200008392334,0,,0.0,SURFACE_TYPE_UNPAVED,,,,,,,,,,,,,,,1,436.0,8564.00390625,SURFACE_TYPE_PAVED,436.0,436.0,63453,63453.0703125,63453.0703125,7.408999919891357,15.927000045776367,433.0,,,,,,,,,,,,,,,3164.062,2251.807,1248.973,824.032,383.974,,,14.6,non,-21.7,,,,59,59,77,6,52,Fair,0.1,,2514.0119999999997,1125.0,5440.05908203125,,,,,,,,,,,,,,,,,,,,7.0,4.5,75.0,117.0,212.2375,185.39999389648438,0.8840000033378601,858,826,809,785,719,642,484,359,278,239,212,209,191,164,0,419.986,270.996,190,149,261.1,222.7,199.1,,,
24082838681,2026-08-23,11:33,running,Montmartin Running,46.3,8.01,256.0,135.0,147.0,443.0,461.0,148.59375,618.0,29.0,37.8,FC,346.8,0.1,19.2,26.8,Montmartin Running,2026-08-23 11:33:46,2026-08-23 09:33:46,1,running,17,0,0,1,9,uncategorized,10,0,0,0,0,8009.6298828125,2777.551025390625,2777.551025390625,2776.0589904785156,2.884000062942505,3.2190001010894775,1,0,75.0,135.0,147.0,,,,2,private,0,,,,,0,0,124,1787477626000,1,3.0999999046325684,0.0,,,,3611064555,0,0,GARMIN,9,0,AEROBIC_BASE,72.36231994628906,3.190000057220459,IMPROVING_AEROBIC_BASE_8,NO_ANAEROBIC_BENEFIT_0,1,0,0,0,46,0,,,3.999,1149.983,1609.54,0.0,0.0,2026-08-23 10:20:03,0,8ca27bab-b18b-4c7a-a989-f271c85261ae,0,0,0,0,0,0,0,0,0,seances/2026-08-23_running_24082838681.md,130.1,140.2,10.1,4.4,9.9,12.3,9.5,10.2,Running,256.0,252.0,49.464536905288696,2.69404468126595,148.59375,156.0,6838,443.0,858.0,461.0,12.490000152587891,293.3999938964844,116.25999755859375,50.0,10.489999771118164,50.7400016784668,22.0,29.0,59.599998474121094,103.80000305175781,77.86568245700593,156.0,3.1999969482421875,Montmartin,49.465216929093,2.692612297832966,771.0,15.119999885559082,37.22999954223633,27.540000915527344,1,256.0,2777.551025390625,INTERVAL_ACTIVE,256.0,256.0,8009,8009.6298828125,8009.6298828125,2.884000062942505,3.2190001010894775,252.0,148.578125,1.1625999755859375,10.489999771118164,12.490000152587891,50.7400016784668,293.3999938964844,1,256.0,2777.464111328125,RWD_RUN,256.0,256.0,8009,8009.6298828125,8009.6298828125,2.884000062942505,3.2190001010894775,252.0,148.578125,1.1625999755859375,10.489999771118164,12.490000152587891,50.7400016784668,293.3999938964844,2.857000112533569,,330.90399169921875,545.9619750976562,1711.0810546875,,16.139999389648438,5.590000152587891,261.008,596.615,736.923,567.984,611.996,10.17,10.55,3.8,oui,3.7,330.8,342.2,,66,66,56,13,50,Fair,,,,,,,,,,,,,,,,,,,,,,,,,,,,,,,,,,,,,,,,,,,,,,,,,,,,,,,,
24099709862,2026-08-24,18:43,lap_swimming,Pool Swim,16.5,0.7,,118.0,138.0,,,,178.0,,14.7,CSS,141.7,4.6,9.4,1.7,Pool Swim,2026-08-24 18:43:46,2026-08-24 16:43:46,27,lap_swimming,26,0,0,0,9,uncategorized,10,0,0,0,0,700.0,992.2360229492188,1155.0849609375,829.9979858398438,0.8429999947547913,1.3250000476837158,0,0,27.0,118.0,138.0,21.0,40.0,28,2,private,0,2500.0,1,meter,100.0,0,0,124,1787589826000,5,1.600000023841858,0.0,296.0,0.0,10.600000381469727,3611064555,0,0,GARMIN,8,0,RECOVERY,18.788833618164062,29.863000869750977,RECOVERY_5,NO_ANAEROBIC_BENEFIT_0,0,0,0,6,11,0,103.125,462.49798583984375,277.274,561.781,101.002,0.0,0.0,2026-08-24 17:03:01,0,dc42ae6f-4645-4033-b932-d02e66bf33be,0,0,0,0,0,0,0,0,0,seances/2026-08-24_lap_swimming_24099709862.md,119.1,117.8,-1.4,,,,,,,,,,,,,,,,,,,,,,,,,,,,,,,,,,,,,,,,,,,,,,,,,,,,,,,,,,,,,,,,,,,,,,,,,,,,,,,,,,,,,,,,,,,,,,,,,,,,,,,,,,,,,,,,,,,,,,,,,,,,,,,,,,,,,,,,,,,,,,,,,,,,,,,,,,,
24106756798,2026-08-25,07:18,road_biking,Montmartin Road Cycling,72.9,36.528,213.0,119.0,140.0,210.0,234.0,78.0,1037.0,23.0,166.3,puissance,119.7,18.3,45.1,6.8,Montmartin Road Cycling,2026-08-25 07:18:17,2026-08-25 05:18:17,10,road_biking,2,0,0,1,9,uncategorized,10,0,0,0,0,36528.3203125,4372.44921875,4844.73095703125,4362.405029296875,8.354000091552734,15.180999755859377,1,0,118.0,119.0,140.0,,,,2,private,0,,,,,0,0,124,1787635097000,2,3.0999999046325684,0.0,5085.0,,,3611988739,0,0,GARMIN,9,0,AEROBIC_BASE,76.66700744628906,38.96799850463867,IMPROVING_AEROBIC_BASE_8,NO_ANAEROBIC_BENEFIT_0,1,0,0,19,52,0,,,1096.985,2708.628,405.977,0.0,0.0,2026-08-25 06:39:01,0,fdb3f006-1b67-4ae2-8021-2648ba9c87be,0,0,0,0,0,0,0,0,0,seances/2026-08-25_road_biking_24106756798.md,120.1,117.9,-2.2,11.2,16.3,17.9,14.5,7.8,Triban,213.0,216.0,49.46441109292209,2.6942419074475765,,,,210.0,714.0,234.0,,,,51.0,,,16.0,23.0,33.20000076293945,103.4000015258789,67.18645922459274,,1.2000007629394531,Montmartin,49.464569594711065,2.694016434252262,806.0,17.510000228881836,34.439998626708984,26.850000381469727,0,,0.0,SURFACE_TYPE_UNPAVED,,,,,,,,,,,,,,,1,213.0,4371.7177734375,SURFACE_TYPE_PAVED,213.0,213.0,36528,36528.37109375,36528.37109375,8.355999946594238,15.180999755859375,216.0,,,,,,,,,,,,,,,673.487,980.641,1075.995,870.969,465.0,,,-3.0,oui,1.1,,,,61,61,68,8,50,Fair,,,,,,,,,,,,,,,,,,,,,,,,,4.2,0.8,78.0,106.0,241.02833333333334,91.19999694824219,0.8700000047683716,714,712,611,456,426,372,330,297,285,273,241,223,197,,0,254.994,49.004,206,209,282.3,250.4,224.3,,,
24132063809,2026-08-27,07:21,treadmill_running,Treadmill Running,31.0,4.779,,117.0,126.0,320.0,329.0,141.640625,281.0,,16.0,FC,389.7,8.0,22.6,,Treadmill Running,2026-08-27 07:21:46,2026-08-27 05:21:46,18,treadmill_running,1,0,0,1,9,uncategorized,10,0,0,0,0,4779.0,1862.612060546875,1862.612060546875,1792.3109741210938,2.565999984741211,2.7809998989105225,0,0,50.0,117.0,126.0,,,,2,private,0,,,,,0,0,124,1787808106000,1,1.2999999523162842,0.0,,,,3611064555,0,0,GARMIN,5,0,RECOVERY,14.336868286132812,355.6000061035156,RECOVERY_5,NO_ANAEROBIC_BENEFIT_0,1,0,0,27,2,0,,,482.0,1355.641,0.0,0.0,0.0,2026-08-27 05:52:48,0,58e2bdd4-419c-4a66-a4ec-e25c1c9e4499,0,0,0,0,0,0,0,0,0,seances/2026-08-27_treadmill_running_24132063809.md,113.7,119.5,5.8,28.7,0.6,,,,Running,,,,,141.640625,152.0,4404,320.0,373.0,329.0,9.61999969482422,322.70001220703125,109.8699951171875,,8.770000457763672,,,,,,,152.0,,,,,516.0,,,,,,,,,,,,,,,,,,,,,,,,,,,,,,,,,,,,,,,,,-6,,,,,,,1719.934,35.001,0.0,0.0,0.0,9.52,8.87,11.3,non,-6.8,368.3,388.8,,,,,,,,,,,,,,,,,,,,,,,,,,,,,,,,,,,,,,,,,,,,,,,,,,,,,,,,,,,,,,,
24157820962,2026-08-29,09:40,road_biking,Montmartin Road Cycling,138.8,66.583,527.0,122.0,150.0,198.0,233.0,78.0,1877.0,28.0,314.0,puissance,125.1,25.3,89.6,18.5,Montmartin Road Cycling,2026-08-29 09:40:22,2026-08-29 07:40:22,10,road_biking,2,0,0,1,9,uncategorized,10,0,1,0,0,66583.2421875,8328.83203125,8422.828125,8317.638977050781,7.99399995803833,14.928999900817871,1,0,225.0,122.0,150.0,,,,2,private,0,,,,,0,0,124,1787989222000,2,3.799999952316284,1.0,9250.0,,,3611988739,0,0,GARMIN,14,0,AEROBIC_BASE,146.99066162109375,214.02699279785156,IMPROVING_AEROBIC_ENDURANCE_9,MINOR_ANAEROBIC_BENEFIT_15,1,0,0,25,106,0,,,1519.963,5378.83,1111.0,0.0,0.0,2026-08-29 10:00:44,0,857107a2-c0d5-4170-b0b5-68dade4e7daa,0,0,0,0,0,0,1,0,0,seances/2026-08-29_road_biking_24157820962.md,120.6,122.1,1.5,26.2,37.0,30.2,23.1,12.4,Triban,527.0,523.0,49.464541682973504,2.6940711680799723,,,,198.0,719.0,233.0,,,,52.0,,,22.0,28.0,48.0,127.19999694824219,91.65427472062345,,1.0,Montmartin,49.464597925543785,2.693945439532399,1748.0,17.719999313354492,36.650001525878906,27.520000457763672,4,523.0,8315.00390625,SURFACE_TYPE_PAVED,239.0,131.0,30184,30184.810546875,66541.5703125,8.003000259399414,14.928999900817871,522.0,,,,,,,3,4.0,10.99899959564209,SURFACE_TYPE_UNPAVED,4.0,1.0,29,29.170000076293945,41.18000030517578,3.74399995803833,4.591000080108643,1.0,,,,,,,,,,,,,,,1570.949,2218.892,1811.933,1388.016,743.993,,,0.1,oui,1.1,,,,63,63,88,10,59,Cloudy,,,2514.0119999999997,1687.0,4644.46484375,,,,,,,,,,,,,,,,,,,,7.3,2.6,78.0,111.0,238.25416666666666,172.6999969482422,0.8659999966621399,719,681,623,563,469,431,387,354,297,282,238,233,210,202,0,436.992,154.992,200,202,292.8,243.7,211.9,,,
24179721072,2026-08-31,07:07,running,Montmartin Running,48.6,8.046,43.0,130.0,141.0,411.0,414.0,146.796875,624.0,28.0,35.1,FC,362.3,0.9,28.1,19.1,Montmartin Running,2026-08-31 07:07:31,2026-08-31 05:07:31,1,running,17,0,0,1,9,uncategorized,10,0,0,0,0,8045.91015625,2915.050048828125,2919.049072265625,2908.685028076172,2.759999990463257,2.9110000133514404,1,0,78.0,130.0,141.0,,,,2,private,0,,,,,0,0,124,1788152851000,1,3.0,0.0,,,,3611064555,0,0,GARMIN,9,0,AEROBIC_BASE,62.25053405761719,15.67199993133545,IMPROVING_AEROBIC_BASE_8,NO_ANAEROBIC_BENEFIT_0,1,0,0,1,47,0,,,54.998,1688.647,1146.888,0.0,0.0,2026-08-31 05:56:10,0,32f62eb4-6540-4538-8e06-1be9a2a2dec1,0,0,0,0,0,0,0,0,0,seances/2026-08-31_running_24179721072.md,125.4,133.5,8.1,0.2,8.9,27.7,11.5,0.3,Running,43.0,39.0,49.46429617702961,2.69448003731668,146.796875,153.0,7104,411.0,537.0,414.0,12.34000015258789,310.0,112.80000000000001,50.0,10.6899995803833,49.9900016784668,21.0,28.0,67.80000305175781,83.80000305175781,75.12644938081247,153.0,0.5999984741210938,Montmartin,49.46482239291072,2.693538749590516,809.0,16.139999389648438,41.130001068115234,27.040000915527344,1,43.0,2915.050048828125,INTERVAL_ACTIVE,43.0,43.0,8045,8045.91015625,8045.91015625,2.759999990463257,2.9110000133514404,39.0,146.78125,1.1280000000000001,10.6899995803833,12.34000015258789,49.9900016784668,310.0,1,0.0,5.307000160217285,RWD_STAND,0.0,0.0,0,0.0,0.0,0.0,0.0,0.0,0.0,,,,,,2.7709999084472656,-14,353.14801025390625,574.531982421875,1795.0030517578125,,14.1899995803833,5.130000114440918,10.003,531.7,1660.854,691.976,15.002,9.82,10.01,4.2,oui,2.0,353.1,359.0,,63,63,83,11,57,Mostly Cloudy,,,,,,1,43.0,2909.698974609375,RWD_RUN,43.0,43.0,8045,8045.91015625,8045.91015625,2.765000104904175,2.9110000133514404,39.0,147.09375,1.1280000000000001,10.6899995803833,12.34000015258789,49.9900016784668,310.0,,,,,,,,,,,,,,,,,,,,,,,,,,,,,,,,,
24192253988,2026-09-01,06:45,road_biking,Montmartin Road Cycling,82.0,37.094,391.0,110.0,133.0,189.0,222.0,77.0,1060.0,22.0,168.3,puissance,132.6,45.9,28.4,,Montmartin Road Cycling,2026-09-01 06:45:59,2026-09-01 04:45:59,10,road_biking,2,0,0,1,9,uncategorized,10,0,0,0,0,37094.359375,4918.1201171875,4949.1259765625,4908.826965332031,7.541999816894531,13.753000259399414,1,0,132.0,110.0,133.0,,,,2,private,0,,,,,0,0,124,1788237959000,2,2.799999952316284,0.30000001192092896,5385.0,,,3611988739,0,0,GARMIN,8,0,AEROBIC_BASE,60.89326477050781,280.6029968261719,MAINTAINING_AEROBIC_BASE_7,NO_ANAEROBIC_BENEFIT_0,1,0,0,4,70,0,,,2753.661,1706.955,0.0,0.0,0.0,2026-09-01 06:08:28,0,3123ed72-32bc-4693-bdea-e3776de2134c,0,0,0,0,0,0,0,0,0,seances/2026-09-01_road_biking_24192253988.md,107.2,112.7,5.5,18.3,27.1,16.0,11.5,4.7,Triban,391.0,315.0,49.46379669941962,2.695092251524329,,,,189.0,961.0,222.0,,,,,,,14.0,22.0,-2.0,117.80000305175781,78.87856854845616,,76.19999694824219,Montmartin,49.464572528377175,2.693988773971796,711.0,11.8100004196167,31.0,24.09000015258789,0,,0.0,SURFACE_TYPE_UNPAVED,,,,,,,,,,,,,,,1,391.0,4917.9677734375,SURFACE_TYPE_PAVED,391.0,391.0,37094,37094.3203125,37094.3203125,7.543000221252441,13.753000259399414,315.0,,,,,,,,,,,,,,,1097.71,1628.969,957.934,692.995,282.01,,,-1.5,oui,6.7,,,,55,55,100,5,55,Fair,,,,,,,,,,,,,,,,,,,,,,,,,2.4,1.9,77.0,107.0,212.055,89.69999694824219,0.8130000233650208,961,870,688,588,556,493,320,274,240,225,212,208,191,,0,141.98,115.991,184,196,242.5,212.5,193.5,509630340,,
24213688656,2026-09-02,19:05,lap_swimming,Pool Swim,41.2,1.525,,119.0,152.0,,,,409.0,,24.5,CSS,162.2,11.8,15.5,9.2,Pool Swim,2026-09-02 19:05:29,2026-09-02 17:05:29,27,lap_swimming,26,0,0,0,9,uncategorized,10,0,0,0,0,1525.0,2473.927001953125,2519.200927734375,1769.9339599609375,0.8619999885559082,1.1050000190734863,0,0,67.0,119.0,152.0,21.0,39.0,61,2,private,0,2500.0,1,meter,100.0,0,0,124,1788368729000,5,2.200000047683716,0.5,633.0,0.0,10.399999618530273,3611064555,0,0,GARMIN,14,0,RECOVERY,38.556884765625,6.995999813079834,MINOR_AEROBIC_BENEFIT_0,NO_ANAEROBIC_BENEFIT_0,0,0,0,12,24,0,103.6240005493164,,707.452,929.847,550.952,0.0,0.0,2026-09-02 17:47:28,0,51d69ae8-d8fa-452e-bd74-46f8a4e112e6,0,0,0,0,0,0,0,0,0,seances/2026-09-02_lap_swimming_24213688656.md,113.5,123.9,10.3,,,,,,,,,,,,,,,,,,,,,,,,,,,,,,,,,,,,,,,,,,,,,,,,,,,,,,,,,,,,,,,,,,,,,,,,,,,,,,,,,,,,,,,,,,,,,,,,,,,,,,,,,,,,,,,,,,,,,,,,,,,,,,,,,,,,,,,,,,,,,,,,,,,,,,,,,,,
24248231262,2026-09-05,08:46,multi_sport,Gérardmer Multisport,416.1,117.77,2298.0,,165.0,,,,3849.0,,,FC,212.0,,,,Gérardmer Multisport,2026-09-05 08:46:47,2026-09-05 06:46:47,89,multi_sport,17,0,0,1,9,uncategorized,10,0,0,0,1,117770.11721801758,24966.003784179688,24966.003784179688,,4.717219393063036,,1,0,,,165.0,,,,2,private,0,,,,,0,0,124,,18,5.0,0.0,,,,3611064555,0,0,GARMIN,5,0,AEROBIC_BASE,262.20745849609375,,OVERREACHING_11,NO_ANAEROBIC_BENEFIT_0,0,0,0,,,0,,,,,,,,2026-09-05 13:42:53,0,a43df51b-0190-4fbe-bad2-155b2cd927f0,0,0,0,0,1,0,0,0,0,seances/2026-09-05_multi_sport_24248231262.md,142.9,138.3,-4.6,,,,,,,2298.0,2296.0,48.07072087191045,6.863997001200914,,,,,,,,,,,,,,,641.0,1007.2000122070312,,,,Gérardmer,48.06714456528425,6.864231023937464,6848.0,,,,,,,,,,,,,,,,,,,,,,,,,,,,,,,,,,,,,,,,,,,,,,,,,,,,,19.04,12.48,32.3,non,-34.5,60.6,93.0,102.0,,,,,,,,,,,,,,,,,,,,,,,,,,,,,,,,,,,,,,,,,,,,,,,,,,,,,,,,,,,,,,
24248941588,2026-09-05,09:28,road_biking,Gérardmer Road Cycling,232.0,94.307,1280.0,139.0,163.0,206.0,247.0,79.0,3238.0,21.0,589.8,puissance,147.6,6.1,58.9,155.3,Gérardmer Road Cycling,2026-09-05 09:28:32,2026-09-05 07:28:32,10,road_biking,2,0,0,1,9,uncategorized,10,0,1,0,0,94307.34375,13922.2470703125,13926.2470703125,13915.8310546875,6.77400016784668,18.913000106811523,1,0,375.0,139.0,163.0,,,,2,private,0,,,,,0,0,124,1788593312000,2,5.0,1.0,14479.0,,,3611988739,0,0,GARMIN,19,0,TEMPO,285.226806640625,472.02099609375,OVERREACHING_TEMPO_24,MINOR_ANAEROBIC_BENEFIT_15,1,0,0,77,150,0,,,363.988,3532.669,9315.895,708.989,0.0,2026-09-05 11:20:38,0,69dc5627-7274-4f57-8e1f-ac72197c1e52,0,0,0,0,0,0,1,0,0,seances/2026-09-05_road_biking_24248941588.md,142.6,136.2,-6.3,56.9,21.8,37.6,57.9,37.5,Triban,1280.0,1203.0,48.06946056894958,6.868564635515213,,,,206.0,695.0,247.0,,,,53.0,,,15.0,21.0,654.4000244140625,1001.7999877929688,779.6951014109512,,0.79998779296875,Gérardmer,48.06989584118128,6.867867931723595,2482.0,18.049999237060547,47.650001525878906,30.959999084472656,5,1272.0,13897.876953125,SURFACE_TYPE_PAVED,671.0,254.0,48944,48944.28125,94197.6484375,6.7779998779296875,18.913000106811523,1203.0,,,,,,,4,8.0,24.04800033569336,SURFACE_TYPE_UNPAVED,5.0,2.0,48,48.08000183105469,109.80000305175781,4.565999984741211,13.567000389099121,0.0,,,,,,,,,,,,,,,3411.678,1308.987,2256.957,3475.935,2249.982,,,10.5,non,-14.5,,,,68,68,83,5,63,Light Rain,11.8,,4609.022,2437.0,5357.51513671875,,,,,,,,,,,,,,,,,,,,17.8,2.5,79.0,123.0,265.2925,315.5,0.9039999842643738,695,662,633,521,426,393,352,337,312,286,265,241,236,220,0,1066.01,151.993,220,188,321.6,262.8,238.7,,,
24288921133,2026-09-08,20:37,tennis_v2,Tennis,69.0,0.486,,106.0,165.0,,,19.625,472.0,,26.0,FC,8509.2,30.5,18.7,3.0,Tennis,2026-09-08 20:37:11,2026-09-08 18:37:11,227,tennis_v2,219,0,0,1,9,uncategorized,10,0,0,0,0,486.19000244140625,4137.07080078125,4137.07080078125,355.0,0.11800000071525575,4.9730000495910645,0,0,111.0,106.0,165.0,,,,2,private,0,,,,,0,0,124,1788892631000,8,1.399999976158142,1.899999976158142,,,,3611064555,0,0,GARMIN,1,0,ANAEROBIC_CAPACITY,38.258941650390625,4137.07080078125,RECOVERY_5,MINOR_ANAEROBIC_BENEFIT_15,0,0,0,45,10,0,,,1830.06,1124.003,182.002,4.999,0.0,2026-09-08 19:46:08,0,8ba5886a-bc6b-4256-8c8e-3430d9b2e7c1,0,0,0,0,0,0,0,0,0,seances/2026-09-08_tennis_v2_24288921133.md,99.0,114.7,15.7,,,,,,,,,,,19.625,240.0,3842,,,,,,35.929788088583855,,,,,,,,,240.0,,,,,573.0,,,,,,,,,,,,,,,,,,,,,,,,,,,,,,,,,,,,,,,,,-6,,,,,,,,,,,,0.43,0.4,19.2,non,-6.5,,,,,,,,,,0.1,,,,,,,,,,,,,,,,,,,,,,,,,,,,,,,,,,,,,,,,,,,,,,,,,,,,,,,
24305626213,2026-09-10,07:16,road_biking,Montmartin Road Cycling,87.6,41.354,264.0,112.0,130.0,196.0,216.0,76.0,1169.0,21.0,170.3,puissance,127.1,44.8,37.7,,Montmartin Road Cycling,2026-09-10 07:16:35,2026-09-10 05:16:35,10,road_biking,2,0,0,1,9,uncategorized,10,0,0,0,0,41353.69140625,5256.07421875,5263.07177734375,5251.266052246094,7.868000030517579,13.194000244140627,1,0,141.0,112.0,130.0,,,,2,private,0,,,,,0,0,124,1789017395000,2,3.0,0.0,5923.0,,,3611988739,0,0,GARMIN,9,0,AEROBIC_BASE,67.19699096679688,167.58200073242188,IMPROVING_AEROBIC_BASE_8,NO_ANAEROBIC_BENEFIT_0,1,0,0,5,73,0,,,2685.947,2260.936,0.0,0.0,0.0,2026-09-10 06:44:18,0,1e1fd970-a20f-4163-a3b2-bb8fa1aa76d2,0,0,0,0,0,0,0,0,0,seances/2026-09-10_road_biking_24305626213.md,109.5,113.0,3.5,14.8,30.9,23.9,12.2,3.0,Triban,264.0,263.0,49.464505556970835,2.694056751206517,,,,196.0,565.0,216.0,,,,,,,9.0,21.0,65.0,154.39999389648438,97.49056313135853,,2.0,Montmartin,49.46456674486399,2.6939933840185404,720.0,11.8100004196167,33.22999954223633,25.709999084472656,2,264.0,5254.90283203125,SURFACE_TYPE_PAVED,217.0,132.0,27202,27202.859375,41345.078125,7.868000030517578,13.194000244140625,263.0,,,,,,,1,0.0,0.9990000128746033,SURFACE_TYPE_UNPAVED,0.0,0.0,8,8.619999885559082,8.619999885559082,8.628999710083008,8.86400032043457,0.0,,,,,,,,,,,,,,,885.968,1855.993,1436.963,734.945,181.007,,,-0.4,oui,3.6,,,,39,39,100,0,39,Fair,,,,,5029.97021484375,,,,,,,,,,,,,,,,,,,,2.2,0.5,76.0,99.0,217.11333333333334,86.69999694824219,0.7730000019073486,565,558,519,446,416,400,327,289,247,227,217,212,204,,0,133.002,27.997,190,197,247.2,217.7,204.9,513032770,,
24323986431,2026-09-11,18:17,lap_swimming,Pool Swim,39.7,1.55,,120.0,149.0,,,,402.0,,27.8,CSS,153.5,14.2,13.6,10.8,Pool Swim,2026-09-11 18:17:57,2026-09-11 16:17:57,27,lap_swimming,26,0,0,0,9,uncategorized,10,0,0,0,0,1550.0,2379.590087890625,2412.31005859375,1840.907958984375,0.8420000076293945,2.0829999446868896,0,0,63.0,120.0,149.0,21.0,40.0,62,2,private,0,2500.0,1,meter,100.0,0,0,124,1789143477000,5,2.299999952316284,0.20000000298023224,654.0,0.0,10.5,3611064555,0,0,GARMIN,16,0,RECOVERY,40.8868408203125,8.621999740600586,MINOR_AEROBIC_BENEFIT_0,NO_ANAEROBIC_BENEFIT_0,0,0,0,16,21,0,84.18599700927734,421.125,850.093,814.011,645.218,0.0,0.0,2026-09-11 16:58:09,0,fc0d9cd1-9267-4bc1-9fcf-7af00d27dac4,0,0,0,0,0,0,0,0,0,seances/2026-09-11_lap_swimming_24323986431.md,113.6,126.6,13.0,,,,,,,,,,,,,,,,,,,,,,,,,,,,,,,,,,,,,,,,,,,,,,,,,,,,,,,,,,,,,,,,,,,,,,,,,,,,,,,,,,,,,,,,,,,,,,,,,,,,,,,,,,,,,,,,,,,,,,,,,,,,,,,,,,,,,,,,,,,,,,,,,,,,,,,,,,,
24324984044,2026-09-11,19:19,tennis_v2,Tennis,70.6,0.314,,129.0,170.0,,,13.5625,698.0,,49.7,FC,,14.3,25.7,25.8,Tennis,2026-09-11 19:19:29,2026-09-11 17:19:29,227,tennis_v2,219,0,0,1,9,uncategorized,10,0,0,0,0,313.69000244140625,4236.11181640625,4236.11181640625,177.0,0.07400000095367432,3.5360000133514404,0,0,113.0,129.0,170.0,,,,2,private,0,,,,,0,0,124,1789147169000,8,2.700000047683716,2.299999952316284,,,,3611064555,0,0,GARMIN,1,0,SPEED,94.12774658203125,4236.11181640625,MAINTAINING_AEROBIC_BASE_7,MAINTAINING_FAST_FORCE_PRODUCTION_6,0,0,0,19,42,0,,,858.232,1543.873,1545.992,277.013,0.0,2026-09-11 18:30:05,0,566381f8-252c-4773-8899-762f47b283e8,0,0,0,0,0,0,0,0,0,seances/2026-09-11_tennis_v2_24324984044.md,128.8,130.2,1.4,,,,,,,,,,,13.5625,222.0,3770,,,,,,32.76006551143665,,,,,,,,,222.0,,,,,731.0,,,,,,,,,,,,,,,,,,,,,,,,,,,,,,,,,,,,,,,,,-9,,,,,,,,,,,,0.33,0.35,-6.5,oui,7.7,,,,,,,,,,4.6,,,,,,,,,,,,,,,,,,,,,,,,,,,,,,,,,,,,,,,,,,,,,,,,,,,,,,,
24332431306,2026-09-12,11:31,road_biking,Montmartin Road Cycling,123.7,60.204,413.0,122.0,155.0,194.0,229.0,80.0,1635.0,25.0,270.2,puissance,123.3,33.5,67.0,20.9,Montmartin Road Cycling,2026-09-12 11:31:37,2026-09-12 09:31:37,10,road_biking,2,0,0,1,9,uncategorized,10,0,0,0,0,60204.1484375,7420.4501953125,7657.44580078125,7410.841033935547,8.11299991607666,14.406999588012695,1,0,198.0,122.0,155.0,,,,2,private,0,,,,,0,0,124,1789205497000,2,3.5999999046325684,0.8999999761581421,8301.0,,,3611988739,0,0,GARMIN,13,0,AEROBIC_BASE,129.7079315185547,25.663000106811523,IMPROVING_AEROBIC_ENDURANCE_9,NO_ANAEROBIC_BENEFIT_0,1,0,0,11,103,0,,,2011.005,4021.667,1254.953,26.0,0.0,2026-09-12 11:39:14,0,da165bc3-c159-4ad8-84a4-fe8c70518ed7,0,0,0,0,0,0,0,0,0,seances/2026-09-12_road_biking_24332431306.md,123.2,120.1,-3.1,28.6,35.7,25.8,17.3,8.6,Triban,413.0,411.0,49.463692512363195,2.6952385157346725,,,,194.0,688.0,229.0,,,,55.0,,,20.0,25.0,66.0,155.1999969482422,102.70851752803011,,0.8000030517578125,Montmartin,49.46447538211942,2.6941391453146935,1419.0,16.049999237060547,36.099998474121094,27.270000457763672,0,,0.0,SURFACE_TYPE_UNPAVED,,,,,,,,,,,,,,,1,413.0,7420.0908203125,SURFACE_TYPE_PAVED,413.0,413.0,60204,60204.171875,60204.171875,8.11400032043457,14.406999588012695,411.0,,,,,,,,,,,,,,,1716.642,2139.096,1549.845,1038.057,514.99,,,12.0,non,-14.2,,,,64,64,83,8,59,Mostly Cloudy,0.4,,2514.0119999999997,1312.0,4809.13623046875,,,,,,,,,,,,,,,,,,,,6.5,1.2,80.0,113.0,260.8541666666667,137.39999389648438,0.8180000185966492,688,657,498,469,441,422,380,354,291,263,261,237,212,187,0,391.993,69.002,210,180,298.6,264.4,221.6,513922583,,
24353414716,2026-09-14,07:04,running,Montmartin Running,54.3,9.012,52.0,126.0,157.0,343.0,348.0,145.421875,691.0,30.0,35.4,FC,361.8,5.9,34.0,13.1,Montmartin Running,2026-09-14 07:04:09,2026-09-14 05:04:09,1,running,17,0,0,1,9,uncategorized,10,0,0,0,0,9011.7001953125,3260.287109375,3264.39306640625,3253.821990966797,2.7639999389648438,3.3499999046325684,1,0,87.0,126.0,157.0,,,,2,private,0,,,,,0,0,124,1789362249000,1,3.0,0.0,,,,3611064555,0,0,GARMIN,10,0,AEROBIC_BASE,69.65531921386719,3.757999897003174,IMPROVING_AEROBIC_BASE_8,NO_ANAEROBIC_BENEFIT_0,1,0,0,1,52,0,,,353.087,2042.943,785.171,44.05,0.0,2026-09-14 05:58:33,0,a1d67cbc-e2bf-4fbe-a28a-d84eb2332922,0,0,0,0,0,0,0,0,0,seances/2026-09-14_running_24353414716.md,118.0,134.2,16.3,29.4,18.5,4.6,0.5,,Running,52.0,60.0,49.46433984674513,2.6943493634462357,145.421875,155.0,7884,343.0,447.0,348.0,9.880000305175782,320.3999938964844,113.7699951171875,51.0,8.699999809265137,,23.0,30.0,44.20000076293945,86.5999984741211,61.877116516908984,155.0,0.40000152587890625,Montmartin,49.46486924774945,2.693464905023575,905.0,,,,1,52.0,3260.287109375,INTERVAL_ACTIVE,52.0,52.0,9011,9011.7001953125,9011.7001953125,2.7639999389648438,3.3499999046325684,60.0,145.421875,1.137699951171875,8.699999809265137,9.880000305175782,,320.3999938964844,1,0.0,5.934000015258789,RWD_STAND,0.0,0.0,0,0.0,0.0,0.0,0.0,0.0,0.0,,,,,,2.7720000743865967,-13,310.3869934082031,522.9509887695312,1744.114013671875,,,,1762.054,1108.216,276.815,32.986,0.0,9.48,10.37,3.8,oui,9.4,310.3,348.8,,61,61,100,3,61,Mist,0.7,,,,,1,52.0,3254.301025390625,RWD_RUN,52.0,52.0,9011,9011.7001953125,9011.7001953125,2.7690000534057617,3.3499999046325684,60.0,145.6875,1.137699951171875,8.699999809265137,9.880000305175782,,320.3999938964844,,,,,,,,,,,,,,,,,,,,,,,,,,,,,,,,,
24373733186,2026-09-15,18:47,lap_swimming,Pool Swim,36.7,1.625,,120.0,150.0,,,,395.0,,37.4,CSS,135.4,8.3,15.2,9.8,Pool Swim,2026-09-15 18:47:41,2026-09-15 16:47:41,27,lap_swimming,26,0,0,0,9,uncategorized,10,0,0,0,0,1625.0,2200.5869140625,2283.10693359375,1950.9010009765625,0.8330000042915344,1.1139999628067017,0,0,59.0,120.0,150.0,22.0,41.0,65,2,private,0,2500.0,1,meter,100.0,0,0,124,1789490861000,5,2.299999952316284,0.4000000059604645,717.0,0.0,11.0,3611064555,0,0,GARMIN,11,0,RECOVERY,41.28240966796875,11.312999725341797,MINOR_AEROBIC_BENEFIT_0,NO_ANAEROBIC_BENEFIT_0,0,0,0,11,23,0,109.56099700927734,461.9330139160156,498.892,909.722,585.218,0.0,0.0,2026-09-15 17:25:44,0,cea7dbbc-430e-4b8c-88b8-b3afbb3857ac,0,0,0,0,0,0,0,0,0,seances/2026-09-15_lap_swimming_24373733186.md,114.3,126.1,11.7,,,,,,,,,,,,,,,,,,,,,,,,,,,,,,,,,,,,,,,,,,,,,,,,,,,,,,,,,,,,,,,,,,,,,,,,,,,,,,,,,,,,,,,,,,,,,,,,,,,,,,,,,,,,,,,,,,,,,,,,,,,,,,,,,,,,,,,,,,,,,,,,,,,,,,,,,,,
24375657357,2026-09-15,20:31,tennis_v2,Tennis,76.5,0.553,,114.0,201.0,,,20.828125,589.0,,36.2,FC,8288.8,33.5,26.7,3.9,Tennis,2026-09-15 20:31:18,2026-09-15 18:31:18,227,tennis_v2,219,0,0,1,9,uncategorized,10,0,0,0,0,553.4000244140625,4587.01416015625,4587.01416015625,424.0,0.12099999934434891,3.750999927520752,0,0,122.0,114.0,201.0,,,,2,private,0,,,,,0,0,124,1789497078000,8,2.4000000953674316,3.4000000953674316,,,,3611064555,0,0,GARMIN,1,0,ANAEROBIC_CAPACITY,146.81179809570312,4587.01416015625,MINOR_AEROBIC_BENEFIT_0,IMPROVING_ANAEROBIC_CAPACITY_AND_POWER_8,0,0,0,50,14,0,,,2009.01,1604.002,232.996,76.0,159.999,2026-09-15 19:47:45,0,99199c3b-f302-4786-90f9-917423cf92a2,0,0,0,0,0,0,0,0,0,seances/2026-09-15_tennis_v2_24375657357.md,106.7,122.2,15.5,,,,,,,,,,,20.828125,250.0,4086,,,,,,34.75442983835672,,,,,,,,,250.0,,,,,709.0,,,,,,,,,,,,,,,,,,,,,,,,,,,,,,,,,,,,,,,,,-7,,,,,,,,,,,,0.44,0.46,10.0,oui,3.1,,,,,,,,,,1.3,,,,,,,,,,,,,,,,,,,,,,,,,,,,,,,,,,,,,,,,,,,,,,,,,,,,,,2.7,
24391726993,2026-09-17,07:10,running,Montmartin Running,25.0,5.008,37.0,155.0,168.0,484.0,488.0,148.578125,399.0,28.0,32.6,FC,299.1,0.3,0.3,7.3,Montmartin Running,2026-09-17 07:10:42,2026-09-17 05:10:42,1,running,17,0,0,1,9,uncategorized,10,0,0,0,0,5007.85986328125,1497.751953125,1500.8399658203125,1491.0899963378906,3.3440001010894775,3.694999933242798,1,0,40.0,155.0,168.0,,,,2,private,0,,,,,0,0,124,1789621842000,1,3.299999952316284,0.0,,,,3611064555,0,0,GARMIN,6,0,TEMPO,102.07154846191406,2.2160000801086426,IMPACTING_TEMPO_22,NO_ANAEROBIC_BENEFIT_0,1,0,0,0,24,0,,,15.989,15.996,440.936,1006.745,0.0,2026-09-17 05:35:42,0,373b9f22-d322-4fec-8e2f-9bd6843413bd,0,0,0,0,0,0,0,0,0,seances/2026-09-17_running_24391726993.md,147.2,162.6,15.4,,,1.0,14.3,9.6,Running,37.0,52.0,49.464446464553475,2.6941953040659428,148.578125,153.0,3696,484.0,688.0,488.0,14.0,283.79998779296875,134.95999755859376,51.0,10.119999885559082,52.09000015258789,18.0,28.0,43.79999923706055,87.80000305175781,60.57715438506408,153.0,0.8000030517578125,Montmartin,49.464340349659324,2.694523371756077,415.0,15.350000381469727,40.630001068115234,35.279998779296875,1,37.0,1497.751953125,INTERVAL_ACTIVE,37.0,37.0,5007,5007.85986328125,5007.85986328125,3.3440001010894775,3.694999933242798,52.0,148.5625,1.3495999755859376,10.119999885559082,14.0,52.09000015258789,283.79998779296875,1,0.0,5.932000160217285,RWD_STAND,0.0,0.0,1,1.7200000286102295,1.7200000286102295,0.28999999165534973,1.753999948501587,0.0,0.0,,,,,,3.359999895095825,,287.385986328125,465.5719909667969,1489.8800048828125,,19.610000610351562,5.820000171661377,0.0,0.0,62.135,856.066,573.374,11.73,12.25,5.4,oui,4.5,287.4,297.9,,55,55,88,7,52,Cloudy,16.8,,,,,1,37.0,1491.6700439453125,RWD_RUN,37.0,37.0,5006,5006.14013671875,5006.14013671875,3.3559999465942383,3.694999933242798,52.0,149.15625,1.3495999755859376,10.119999885559082,14.0,52.09000015258789,283.79998779296875,,,,,,,,,,,,,,,,,,,,,,,,,,,,,,,,,
24411325045,2026-09-18,19:28,tennis_v2,Tennis,59.8,0.445,,116.0,163.0,,,19.015625,496.0,,29.9,FC,8056.5,23.5,25.6,6.5,Tennis,2026-09-18 19:28:55,2026-09-18 17:28:55,227,tennis_v2,219,0,0,1,9,uncategorized,10,0,0,0,0,445.42999267578125,3588.60595703125,3588.60595703125,321.0,0.12399999797344208,4.236000061035156,0,0,96.0,116.0,163.0,,,,2,private,0,,,,,0,0,124,1789752535000,8,2.0999999046325684,2.299999952316284,,,,3611064555,0,0,GARMIN,1,0,SPEED,71.02174377441406,3588.60595703125,MAINTAINING_AEROBIC_BASE_7,MAINTAINING_FAST_FORCE_PRODUCTION_6,0,0,0,32,20,0,,,1411.079,1536.001,391.998,53.0,0.0,2026-09-18 18:28:43,0,f72a03c2-f600-4dfc-9bc2-9e8dc96db4e4,0,0,0,0,0,0,0,0,0,seances/2026-09-18_tennis_v2_24411325045.md,115.5,118.0,2.5,,,,,,,,,,,19.015625,246.0,3194,,,,,,39.16465714313021,,,,,,,,,246.0,,,,,549.0,,,,,,,,,,,,,,,,,,,,,,,,,,,,,,,,,,,,,,,,,-5,,,,,,,,,,,,0.46,0.39,16.4,non,-14.6,,,,,,,,,,0.9,,,,,,,,,,,,,,,,,,,,,,,,,,,,,,,,,,,,,,,,,,,,,,,,,,,,,,,
24429415168,2026-09-20,08:33,road_biking,Montmartin Road Cycling,181.7,79.286,640.0,117.0,166.0,170.0,228.0,81.0,2146.0,22.0,393.6,puissance,137.5,72.2,67.9,27.9,Montmartin Road Cycling,2026-09-20 08:33:43,2026-09-20 06:33:43,10,road_biking,2,0,0,1,9,uncategorized,10,0,0,0,0,79286.0390625,10903.1884765625,11605.1826171875,10873.564025878906,7.271999835968018,13.128000259399414,1,0,291.0,117.0,166.0,,,,2,private,0,,,,,0,0,124,1789886023000,2,3.700000047683716,2.0999999046325684,10907.0,,,3611988739,0,0,GARMIN,16,0,AEROBIC_BASE,143.07815551757812,519.9580078125,IMPROVING_AEROBIC_ENDURANCE_9,MAINTAINING_ANAEROBIC_BASE_1,1,0,0,32,123,0,,,4332.937,4073.112,1673.98,240.0,0.0,2026-09-20 09:47:08,0,05fe7d81-e4b0-4011-a5cf-408af7e26d02,0,0,0,0,0,0,0,0,0,seances/2026-09-20_road_biking_24429415168.md,112.3,122.5,10.2,65.0,47.7,27.3,18.8,11.5,Triban,640.0,644.0,49.46440329775214,2.694308878853917,,,,170.0,725.0,228.0,,,,57.0,,,16.0,22.0,33.599998474121094,184.1999969482422,73.09313027246233,,0.600006103515625,Montmartin,49.46455668658018,2.694029174745083,1625.0,14.050000190734863,40.209999084472656,25.899999618530273,3,640.0,10892.130859375,SURFACE_TYPE_PAVED,259.0,213.0,49115,49115.69140625,79195.15625,7.270999908447266,13.128000259399414,644.0,,,,,,,2,0.0,11.0,SURFACE_TYPE_UNPAVED,0.0,0.0,78,78.77999877929688,90.95999908447266,8.269000053405762,11.121999740600586,1.0,,,,,,,,,,,,,,,3900.054,2863.985,1639.981,1128.02,689.937,,,2.4,oui,6.5,,,,61,61,88,8,57,Cloudy,4.0,,3352.0159999999996,1500.0,5102.39404296875,,,,,,,,,,,,,,,,,,,,8.3,3.0,81.0,119.0,229.225,193.60000610351562,0.8009999990463257,725,706,680,648,608,564,416,363,349,277,229,215,199,171,0,498.016,182.006,167,177,347.0,234.8,198.6,,,
24459335444,2026-09-22,18:39,lap_swimming,Pool Swim,42.2,2.025,,126.0,150.0,,,,511.0,,54.6,CSS,125.2,8.3,9.8,21.8,Pool Swim,2026-09-22 18:39:37,2026-09-22 16:39:37,27,lap_swimming,26,0,0,0,9,uncategorized,10,0,0,0,0,2025.0,2534.802978515625,2545.674072265625,2357.740966796875,0.859000027179718,1.8020000457763674,0,0,68.0,126.0,150.0,22.0,40.0,81,2,private,0,2500.0,1,meter,100.0,0,0,124,1790095177000,5,2.9000000953674316,1.2000000476837158,849.0,0.0,10.5,3611064555,0,0,GARMIN,5,0,AEROBIC_BASE,77.92179870605469,87.06199645996094,MAINTAINING_AEROBIC_FITNESS_1,MINOR_ANAEROBIC_BENEFIT_15,0,0,0,12,30,0,83.18599700927734,423.7460021972656,496.753,586.434,1306.364,0.0,0.0,2026-09-22 17:22:02,0,81c4bdb0-99c4-4a06-a25b-03649412407d,0,0,0,0,0,0,0,0,0,seances/2026-09-22_lap_swimming_24459335444.md,114.5,138.4,23.9,,,,,,,,,,,,,,,,,,,,,,,,,,,,,,,,,,,,,,,,,,,,,,,,,,,,,,,,,,,,,,,,,,,,,,,,,,,1156.989013671875,,,,,,,,,,,,,,,,,,,,,,,,,,850.3670043945312,,,,,,,,,,,,,,,,,,,,,,,,,,,,,,,,,,,,,,,,,,,,,,,,,,,,,,
24461250491,2026-09-22,20:39,tennis_v2,Tennis,68.8,1.009,,119.0,164.0,,,27.578125,607.0,,37.3,FC,4089.7,20.3,33.0,12.2,Tennis,2026-09-22 20:39:38,2026-09-22 18:39:38,227,tennis_v2,219,0,0,1,9,uncategorized,10,0,0,0,0,1009.0999755859375,4126.93798828125,4126.93798828125,603.0,0.2450000047683716,4.89900016784668,0,0,111.0,119.0,164.0,,,,2,private,0,,,,,0,0,124,1790102378000,8,2.0999999046325684,1.5,,,,3611064555,0,0,GARMIN,1,0,AEROBIC_BASE,49.25175476074219,4126.93798828125,MAINTAINING_AEROBIC_BASE_7,MINOR_ANAEROBIC_BENEFIT_15,0,0,0,34,28,0,,,1215.006,1978.99,731.01,21.001,0.0,2026-09-22 19:48:24,0,99146385-695a-4d92-b94f-3cbbcc77de21,0,0,0,0,0,0,0,0,0,seances/2026-09-22_tennis_v2_24461250491.md,112.3,125.6,13.3,,,,,,,,,,,27.578125,240.0,3902,,,,,,53.19768911403438,,,,,,,,,240.0,,,,,615.0,,,,,,,,,,,,,,,,,,,,,,,,,,,,,,,,,,,,,,,,,-6,,,,,,,,,,,,0.93,1.11,-6.9,oui,19.7,4004.1,,,,,,,,,0.4,,,,,,,,,,,,,,,,,,,,,,,,,,,,,,,,,,,,,,,,,,,,,,,,,,,,,,,
24486810731,2026-09-24,21:33,paddelball,Padel,85.8,0.629,,114.0,160.0,,,20.28125,667.0,,40.6,FC,8185.6,35.6,38.9,5.3,Padel,2026-09-24 21:33:48,2026-09-24 19:33:48,226,paddelball,219,0,0,1,9,uncategorized,10,0,0,0,0,628.5900268554688,5145.35888671875,5145.35888671875,466.0,0.12200000137090683,5.066999912261963,0,0,138.0,114.0,160.0,,,,2,private,0,,,,,0,0,124,1790278428000,64,2.0,1.600000023841858,,,,3611064555,0,0,GARMIN,1,0,AEROBIC_BASE,46.69721984863281,5145.35888671875,MAINTAINING_AEROBIC_BASE_7,MINOR_ANAEROBIC_BENEFIT_15,0,0,0,66,15,0,,,2135.409,2332.001,317.011,4.999,0.0,2026-09-24 20:59:33,0,c629d337-5ba6-4268-be65-05ace5a88ad4,0,0,0,0,0,0,0,0,0,seances/2026-09-24_paddelball_24486810731.md,108.6,119.5,10.9,,,,,,,,,,,20.28125,231.0,4636,,,,,,36.14168081776824,,,,,,,,,231.0,,,,,773.0,,,,,,,,,,,,,,,,,,,,,,,,,,,,,,,,,,,,,,,,,-7,,,,,,,,,,,,0.59,0.47,27.6,non,-20.4,,,,,,,,,,0.1,,,,,,,,,,,,,,,,,,,,,,,,,,,,,,,,,,,,,,,,,,,,,,,,,,,,,,,
24496063422,2026-09-25,18:21,lap_swimming,Pool Swim,38.4,1.5,,121.0,148.0,,,,405.0,,26.9,CSS,153.5,7.1,22.2,8.0,Pool Swim,2026-09-25 18:21:31,2026-09-25 16:21:31,27,lap_swimming,26,0,0,0,9,uncategorized,10,0,0,0,0,1500.0,2302.842041015625,2312.593017578125,1803.9959716796875,0.8309999704360962,1.194000005722046,0,0,62.0,121.0,148.0,22.0,41.0,60,2,private,0,2500.0,1,meter,100.0,0,0,124,1790353291000,5,2.200000047683716,0.4000000059604645,657.0,0.0,11.0,3611064555,0,0,GARMIN,12,0,RECOVERY,39.972900390625,12.970000267028809,MINOR_AEROBIC_BENEFIT_0,NO_ANAEROBIC_BENEFIT_0,0,0,0,13,22,0,107.4990005493164,454.4330139160156,423.814,1329.033,482.451,0.0,0.0,2026-09-25 17:00:03,0,6857a81e-5489-4c2e-a443-fb7d65121430,0,0,0,0,0,0,0,0,0,seances/2026-09-25_lap_swimming_24496063422.md,121.4,121.4,-0.0,,,,,,,,,,,,,,,,,,,,,,,,,,,,,,,,,,,,,,,,,,,,,,,,,,,,,,,,,,,,,,,,,,,,,,,,,,,,,,,,,,,,,,,,,,,,,,,,,,,,,,,,,,,,,,,,,,,,,,,,,,,,,,,,,,,,,,,,,,,,,,,,,,,,,,,,,,,
24496965327,2026-09-25,19:18,tennis_v2,Tennis,73.0,0.557,,120.0,201.0,,,18.578125,585.0,,40.7,FC,7853.7,23.8,36.8,8.4,Tennis,2026-09-25 19:18:00,2026-09-25 17:18:00,227,tennis_v2,219,0,0,1,9,uncategorized,10,0,0,0,0,557.3300170898438,4377.10693359375,4377.10693359375,376.0,0.12700000405311584,4.796000003814697,0,0,117.0,120.0,201.0,,,,2,private,0,,,,,0,0,124,1790356680000,8,2.299999952316284,2.799999952316284,,,,3611064555,0,0,GARMIN,1,0,ANAEROBIC_CAPACITY,106.16912841796875,4377.10693359375,MAINTAINING_AEROBIC_BASE_7,MAINTAINING_ANAEROBIC_BASE_1,0,0,0,41,20,0,,,1428.627,2206.478,501.001,15.99,126.01,2026-09-25 18:30:57,0,f7f6d69e-b936-44d0-9ddf-bdc3e630c314,0,0,0,0,0,0,0,0,0,seances/2026-09-25_tennis_v2_24496965327.md,121.5,118.2,-3.3,,,,,,,,,,,18.578125,236.0,3626,,,,,,41.12203963568366,,,,,,,,,236.0,,,,,723.0,,,,,,,,,,,,,,,,,,,,,,,,,,,,,,,,,,,,,,,,,-8,,,,,,,,,,,,0.59,0.47,18.4,non,-20.6,,,,,,,,,,0.3,,,,,,,,,,,,,,,,,,,,,,,,,,,,,,,,,,,,,,,,,,,,,,,,,,,,,,2.1,
24501805920,2026-09-26,09:06,tennis_v2,Tennis,98.6,0.926,,104.0,144.0,,,22.5,589.0,,35.0,FC,6385.8,63.6,10.4,1.0,Tennis,2026-09-26 09:06:41,2026-09-26 07:06:41,227,tennis_v2,219,0,0,1,9,uncategorized,10,0,0,0,0,926.4199829101562,5915.89599609375,5915.89599609375,642.0,0.1570000052452087,4.711999893188477,0,0,159.0,104.0,144.0,,,,2,private,0,,,,,0,0,124,1790406401000,8,0.699999988079071,1.0,,,,3611064555,0,0,GARMIN,1,0,ANAEROBIC_CAPACITY,22.184661865234375,5915.89599609375,RECOVERY_5,MINOR_ANAEROBIC_BENEFIT_15,0,0,0,71,4,0,,,3816.389,625.008,61.0,0.0,0.0,2026-09-26 08:45:16,0,943793ab-a413-4397-b875-f69e34f26ea7,0,0,0,0,0,0,0,0,0,seances/2026-09-26_tennis_v2_24501805920.md,102.2,106.3,4.1,,,,,,,,,,,22.5,240.0,6208,,,,,,41.759579434656224,,,,,,,,,240.0,,,,,793.0,,,,,,,,,,,,,,,,,,,,,,,,,,,,,,,,,,,,,,,,,-4,,,,,,,,,,,,0.53,0.39,29.6,non,-26.8,,,,,,,,,,,,,,,,,,,,,,,,,,,,,,,,,,,,,,,,,,,,,,,,,,,,,,,,,,,,,,,,,
24515039421,2026-09-27,08:22,road_biking,Montmartin Road Cycling,207.3,96.52,536.0,114.0,143.0,183.0,213.0,79.0,2612.0,21.0,391.9,puissance,128.9,91.3,93.5,13.9,Montmartin Road Cycling,2026-09-27 08:22:47,2026-09-27 06:22:47,10,road_biking,2,0,0,1,9,uncategorized,10,0,0,0,0,96519.59375,12439.18359375,12685.1796875,12403.891967773438,7.758999824523927,15.45199966430664,1,0,334.0,114.0,143.0,,,,2,private,0,,,,,0,0,124,1790490167000,2,3.5999999046325684,0.20000000298023224,13645.0,,,3611988739,0,0,GARMIN,20,0,AEROBIC_BASE,126.374755859375,159.81700134277344,IMPROVING_AEROBIC_ENDURANCE_9,NO_ANAEROBIC_BENEFIT_0,1,0,0,32,140,0,,,5479.856,5609.132,831.912,0.0,0.0,2026-09-27 09:54:12,0,c1ba3540-dbee-490e-a553-345793def7e2,0,0,0,0,0,0,0,0,0,seances/2026-09-27_road_biking_24515039421.md,108.5,118.3,9.8,61.0,74.3,35.1,21.8,8.2,Triban,536.0,538.0,49.463870879262686,2.695057885721326,,,,183.0,759.0,213.0,,,,57.0,,,12.0,21.0,30.399999618530273,149.1999969482422,64.43107716370243,,1.0,Montmartin,49.464504634961486,2.694108048453927,1799.0,16.530000686645508,35.5099983215332,25.31999969482422,2,536.0,12418.9501953125,SURFACE_TYPE_PAVED,290.0,268.0,59213,59213.23046875,96514.96875,7.771999835968018,15.45199966430664,538.0,,,,,,,1,0.0,1.0,SURFACE_TYPE_UNPAVED,0.0,0.0,4,4.739999771118164,4.739999771118164,4.739999771118164,4.385000228881836,0.0,,,,,,,,,,,,,,,3657.09,4457.889,2106.941,1305.913,492.981,,,3.5,oui,5.2,,,,50,50,100,0,50,Fog,,,4190.0199999999995,1687.0,5046.3828125,,,,,,,,,,,,,,,,,,,,5.3,1.2,79.0,105.0,225.78083333333333,178.3000030517578,0.7200000286102295,759,714,653,535,405,377,373,358,316,249,226,215,194,184,0,316.033,72.988,177,186,316.2,224.6,197.0,,,
24546468846,2026-09-29,20:37,tennis_v2,Tennis,71.8,0.466,,119.0,175.0,,,15.640625,580.0,,39.0,FC,9236.7,25.5,31.8,5.6,Tennis,2026-09-29 20:37:53,2026-09-29 18:37:53,227,tennis_v2,219,0,0,1,9,uncategorized,10,0,0,0,0,466.3500061035156,4307.51220703125,4307.51220703125,317.0,0.1080000028014183,4.2729997634887695,0,0,116.0,119.0,175.0,,,,2,private,0,,,,,0,0,124,1790707073000,8,2.200000047683716,2.0,,,,3611064555,0,0,GARMIN,1,0,AEROBIC_BASE,58.131317138671875,4307.51220703125,MAINTAINING_AEROBIC_BASE_7,MAINTAINING_ANAEROBIC_BASE_1,0,0,0,40,17,0,,,1532.0,1905.0,334.005,216.996,6.001,2026-09-29 19:49:40,0,5d0e890f-6f5d-4a62-931c-1ec5cef6177c,0,0,0,0,0,0,0,0,0,seances/2026-09-29_tennis_v2_24546468846.md,117.0,120.7,3.7,,,,,,,,,,,15.640625,240.0,3882,,,,,,41.5319781448065,,,,,,,,,240.0,,,,,825.0,,,,,,,,,,,,,,,,,,,,,,,,,,,,,,,,,,,,,,,,,-8,,,,,,,,,,,,0.46,0.35,27.1,non,-24.7,,,,,,,,,,3.6,,,,,,,,,,,,,,,,,,,,,,,,,,,,,,,,,,,,,,,,,,,,,,,,,,,,,,0.1,
24559075054,2026-09-30,20:04,paddelball,Padel,90.1,0.956,,105.0,190.0,,,25.890625,556.0,,33.0,FC,5656.8,61.8,11.2,0.2,Padel,2026-09-30 20:04:38,2026-09-30 18:04:38,226,paddelball,219,0,0,1,9,uncategorized,10,0,0,0,0,955.8099975585938,5406.80810546875,5406.80810546875,579.0,0.1770000010728836,4.460000038146973,0,0,146.0,105.0,190.0,,,,2,private,0,,,,,0,0,124,1790791478000,64,1.2000000476837158,1.399999976158142,,,,3611064555,0,0,GARMIN,1,0,ANAEROBIC_CAPACITY,32.870513916015625,5406.80810546875,MINOR_AEROBIC_BENEFIT_0,MINOR_ANAEROBIC_BENEFIT_15,0,0,0,73,1,0,,,3708.551,670.99,10.002,7.997,10.002,2026-09-30 19:34:44,0,ebfb5701-d836-4a9a-a957-a45259b8bcb2,0,0,0,0,0,0,0,0,0,seances/2026-09-30_paddelball_24559075054.md,98.5,112.3,13.7,,,,,,,,,,,25.890625,250.0,5862,,,,,,40.967487379818266,,,,,,,,,250.0,,,,,743.0,,,,,,,,,,,,,,,,,,,,,,,,,,,,,,,,,,,,,,,,,-6,,,,,,,,,,,,0.62,0.68,3.8,oui,9.7,5586.9,,,,,,,,,0.1,,,,,,,,,,,,,,,,,,,,,,,,,,,,,,,,,,,,,,,,,,,,,,,,,,,,,,0.2,
24562675475,2026-10-01,07:06,virtual_ride,Mont Faron (Toulon),50.4,14.893,446.0,,,177.0,185.71902536803896,57.0,617.0,,,FC,203.0,,,,Mont Faron (Toulon),2026-10-01 07:06:06,2026-10-01 05:06:06,152,virtual_ride,2,0,0,1,9,uncategorized,10,0,0,0,0,14893.490234375,3022.824951171875,3199.7080078125,3012.0,4.927000045776367,22.851999282836914,1,0,81.0,,,,,,2,private,0,,,,,0,0,124,1790831166000,2,,,,,,0,0,0,TACX,1,0,,,3022.824951171875,,,1,0,0,9,14,0,,,,,,,,2026-10-01 05:59:25,0,722fbdfd-efbf-4c80-8349-a6328b36570b,0,0,0,0,0,0,0,0,0,seances/2026-10-01_virtual_ride_24562675475.md,,,,19.0,30.8,3.3,0.1,,Triban,446.0,422.0,43.15044396556914,5.930493799969554,,,,177.0,365.0,185.71902536803896,,,,,,,,,148.60000610351562,544.7999877929688,351.0884648734758,,1.0,Toulon,43.15042971633375,5.93046915717423,,,,,1,446.0,3199.7080078125,VIRTUAL_ACTIVITY_SECTION,446.0,446.0,14893,14893.5,14893.5,4.927000045776367,22.851999282836914,422.0,,,,,,,,,,,,,,,,,,,,,,,,,,,,,,,,,1139.0,1849.0,198.0,7.0,0.0,28.63,8.15,,non,-71.5,48.2,55.4,103.0,,,,,,,,,,,,,,,,,,,,,,,,,,,,,,,0.1,,57.0,98.0,198.16083333333333,31.54554480898804,0.6129340771222408,365,365,365,301,238,232,219,216,207,201,198,194,,,0,6.0,0.0,,,,,,,,"This scenic lap takes you on a climb of Mont Faron, a small mountain outside of the southern French port city of Toulon. This challenging ascent is often featured in professional cycling races, including the 2024 Classic Var."
24597684763,2026-10-04,07:41,running,Amsterdam Running,42.4,8.014,34.0,,,410.0,414.0,146.5625,797.0,25.0,,FC,317.6,,,,Amsterdam Running,2026-10-04 07:41:18,2026-10-04 05:41:18,1,running,17,0,0,1,9,uncategorized,10,0,0,0,0,8013.830078125,2545.162109375,2591.160888671875,2539.1100158691406,3.1489999294281006,3.3399999141693115,1,0,69.0,,,,,,2,private,0,,,,,0,0,124,1791092478000,1,1.7999999523162842,0.0,,,,3611064555,0,0,GARMIN,9,0,RECOVERY,21.159805297851562,3.989000082015991,RECOVERY_5,NO_ANAEROBIC_BENEFIT_0,1,0,0,42,0,0,,,,,,,,2026-10-04 06:24:29,0,10eace22-46fb-4121-a3b5-6313f26103d0,0,0,0,0,0,0,0,0,0,seances/2026-10-04_running_24597684763.md,,,,0.8,5.6,20.6,13.5,1.5,Running,34.0,83.0,52.337326258420944,4.91789611056447,146.5625,155.0,6206,410.0,636.0,414.0,10.569999694824219,305.70001220703125,130.6300048828125,,8.09000015258789,,19.0,25.0,-47.599998474121094,18.399999618530273,-28.274970537125476,155.0,1.0,Amsterdam,52.33695661649108,4.922306835651398,706.0,,,,,,,,,,,,,,,,,,,,,,,,,,,,,,,,,,,,,,,,3.2060000896453857,,308.1449890136719,501.89599609375,1611.2080078125,,,,45.002,336.0,1235.642,809.987,92.998,11.35,11.62,,oui,2.4,308.1,322.2,,52,52,100,0,52,Fog,,,,,,,,,,,,,,,,,,,,,,,,,,,,,,,,,,,,,,,,,,,,,,,,,,,,,,,,
24622448397,2026-10-06,07:07,virtual_ride,Bazolles - Canal du Nivernais - Stage 2,60.8,26.486,81.0,86.0,103.0,126.0,131.82802423526076,75.0,558.0,,11.9,FC,137.8,3.3,,,Bazolles - Canal du Nivernais - Stage 2,2026-10-06 07:07:30,2026-10-06 05:07:30,152,virtual_ride,2,0,0,1,9,uncategorized,10,0,0,0,0,26485.900390625,3650.285888671875,3650.285888671875,3648.0,7.256999969482423,11.072999954223631,1,0,98.0,86.0,103.0,,,,2,private,0,,,,,0,0,124,1791263250000,2,1.7999999523162842,0.0,,,,0,0,0,TACX,1,0,RECOVERY,20.512832641601562,3650.285888671875,RECOVERY_5,NO_ANAEROBIC_BENEFIT_0,1,0,0,0,1,0,,,199.0,0.0,0.0,0.0,0.0,2026-10-06 06:08:20,0,56d9f938-5f32-4c75-b563-fe46b96af68c,0,0,0,0,0,0,0,0,0,seances/2026-10-06_virtual_ride_24622448397.md,84.8,87.6,2.8,54.8,5.1,0.6,0.3,0.0,Triban,81.0,43.0,46.99719998985529,3.6817600205540657,,,,126.0,352.0,131.82802423526076,,,,,,,,,238.39999389648438,277.3999938964844,253.69978083780367,,0.600006103515625,Biches,47.14777249842882,3.620248669758439,,,,,1,81.0,3650.285888671875,VIRTUAL_ACTIVITY_SECTION,81.0,81.0,26485,26485.900390625,26485.900390625,7.256999969482422,11.072999954223633,43.0,,,,,,,,,,,,,,,,,,,,,,,,,,,,,,,,,3289.0,307.0,37.0,16.0,1.0,26.14,25.97,3.8,non,-0.6,120.2,127.5,130.2,,,,,,,,,,,,,,,,,,,,,,,,,,,,,,,,,75.0,103.0,133.60833333333332,19.193519050159708,0.435075987575118,352,334,308,276,234,200,176,165,144,136,134,128,126,,0,0.0,0.0,,,,,,,,"Stage two of this easy three-stage ride through central France continues along the old French canal system. Skirting the edge of Morvan National Park, it offers scenic views along the way."
24631858945,2026-10-06,20:31,tennis_v2,Tennis,78.5,0.662,,106.0,154.0,,,20.140625,527.0,,29.6,FC,7108.8,35.2,17.8,3.2,Tennis,2026-10-06 20:31:40,2026-10-06 18:31:40,227,tennis_v2,219,0,0,1,9,uncategorized,10,0,0,0,0,662.219970703125,4707.61279296875,4707.61279296875,424.0,0.14100000262260437,4.945000171661377,0,0,127.0,106.0,154.0,,,,2,private,0,,,,,0,0,124,1791311500000,8,1.2999999523162842,1.100000023841858,,,,3611064555,0,0,GARMIN,1,0,RECOVERY,28.21917724609375,4707.61279296875,MINOR_AEROBIC_BENEFIT_0,MINOR_ANAEROBIC_BENEFIT_15,0,0,0,49,12,0,,,2110.995,1070.993,194.001,0.0,0.0,2026-10-06 19:50:07,0,be4b82df-920e-4efe-83ba-453d1a22fefe,0,0,0,0,0,0,0,0,0,seances/2026-10-06_tennis_v2_24631858945.md,102.0,111.1,9.2,,,,,,,,,,,20.140625,222.0,4424,,,,,,41.90635101125659,,,,,,,,,222.0,,,,,624.0,,,,,,,,,,,,,,,,,,,,,,,,,,,,,,,,,,,,,,,,,-6,,,,,,,,,,,,0.44,0.56,-17.6,oui,28.2,,,,,,,,,,,,,,,,,,,,,,,,,,,,,,,,,,,,,,,,,,,,,,,,,,,,,,,,,,,,,,,,,
24647981726,2026-10-08,07:35,running,Montmartin Running,46.6,8.804,125.0,,,429.0,444.0,148.671875,876.0,24.0,,FC,317.4,,,,Montmartin Running,2026-10-08 07:35:29,2026-10-08 05:35:29,1,running,17,0,0,1,9,uncategorized,10,0,0,0,0,8804.0,2794.2890625,2804.2900390625,2791.6849975585938,3.151000022888184,3.499000072479248,1,0,75.0,,,,,,2,private,0,,,,,0,0,124,1791437729000,1,2.0999999046325684,0.0,,,,3611064555,0,0,GARMIN,9,0,TEMPO,29.585693359375,244.58099365234375,MAINTAINING_TEMPO_21,NO_ANAEROBIC_BENEFIT_0,1,0,0,46,0,0,,,,,,,,2026-10-08 06:22:13,0,3383cb51-2003-43f0-92cd-0ea4d6a0b1a3,0,0,0,0,0,0,0,0,0,seances/2026-10-08_running_24647981726.md,,,,3.7,8.2,11.0,14.8,8.4,Running,125.0,163.0,49.46454302407801,2.694090446457267,148.671875,160.0,6898,429.0,687.0,444.0,10.480000305175782,302.20001220703125,129.35999755859376,,8.100000381469727,,14.0,24.0,36.599998474121094,103.0,68.11302795219012,160.0,1.7999954223632812,Montmartin,49.46573534980416,2.690681777894497,775.0,,,,1,125.0,2794.2890625,INTERVAL_ACTIVE,125.0,42.0,8803,8803.990234375,8803.990234375,3.1510000228881836,3.499000072479248,163.0,148.65625,1.2935999755859375,8.100000381469727,10.480000305175782,,302.20001220703125,1,0.0,1.5700000524520874,RWD_WALK,0.0,0.0,0,0.0,0.0,0.0,0.0,0.0,0.0,,,,,,3.239000082015991,,304.6619873046875,494.2040100097656,1559.4239501953125,,,,220.155,494.641,661.964,885.983,504.969,11.24,11.77,,oui,4.7,304.7,311.9,,48,43,87,12,45,Fair,,,,,,1,125.0,2792.656982421875,RWD_RUN,125.0,125.0,8804,8804.0,8804.0,3.1530001163482666,3.499000072479248,163.0,148.765625,1.2935999755859375,8.100000381469727,10.480000305175782,,302.20001220703125,,,,,,,,,,,,,,,,,,,,,,,,,,,,,,,,,
