date,fc_repos,stress,bb_max,bb_min,pas,vfc_ms,vfc_statut,sommeil_h,profond_min,sommeil_score,statut,readiness,tss,ctl,atl,tsb,vo2max,poids_kg,corps_samplePk,corps_date,corps_bmi,corps_bodyFat,corps_bodyWater,corps_boneMass,corps_muscleMass,corps_timestampGMT,pesee_samplePk,pesee_date,pesee_weight,pesee_bmi,pesee_bodyFat,pesee_bodyWater,pesee_boneMass,pesee_muscleMass,pesee_sourceType,pesee_timestampGMT,pesee_weightDelta,totalKilocalories,activeKilocalories,bmrKilocalories,wellnessKilocalories,totalSteps,totalDistanceMeters,wellnessDistanceMeters,wellnessActiveKilocalories,netRemainingKilocalories,rule_typeId,rule_typeKey,dailyStepGoal,wellnessStartTimeGmt,wellnessStartTimeLocal,wellnessEndTimeGmt,wellnessEndTimeLocal,durationInMilliseconds,highlyActiveSeconds,activeSeconds,sedentarySeconds,sleepingSeconds,includesWellnessData,includesActivityData,includesCalorieConsumedData,privacyProtected,moderateIntensityMinutes,vigorousIntensityMinutes,floorsAscendedInMeters,floorsDescendedInMeters,floorsAscended,floorsDescended,intensityMinutesGoal,userFloorsAscendedGoal,minHeartRate,maxHeartRate,restingHeartRate,lastSevenDaysAvgRestingHeartRate,averageStressLevel,maxStressLevel,stressDuration,restStressDuration,activityStressDuration,uncategorizedStressDuration,totalStressDuration,lowStressDuration,mediumStressDuration,highStressDuration,stressPercentage,restStressPercentage,activityStressPercentage,uncategorizedStressPercentage,lowStressPercentage,mediumStressPercentage,highStressPercentage,stressQualifier,measurableAwakeDuration,measurableAsleepDuration,minAvgHeartRate,maxAvgHeartRate,bodyBatteryChargedValue,bodyBatteryDrainedValue,bodyBatteryHighestValue,bodyBatteryLowestValue,bodyBatteryMostRecentValue,bodyBatteryDuringSleep,bodyBatteryAtWakeTime,bodyBatteryVersion,averageSpo2,lowestSpo2,latestSpo2,latestSpo2ReadingTimeGmt,latestSpo2ReadingTimeLocal,averageMonitoringEnvironmentAltitude,bodyBatteryDynamicFeedbackEvent_eventTimestamp,bodyBatteryDynamicFeedbackEvent_bodyBatteryLev,bodyBatteryDynamicFeedbackEvent_feedbackShortT,bodyBatteryDynamicFeedbackEvent_feedbackLongTy,endOfDayBodyBatteryDynamicFeedbackEvent_eventT,endOfDayBodyBatteryDynamicFeedbackEvent_bodyBa,endOfDayBodyBatteryDynamicFeedbackEvent_feedba,bodyBatteryActivityEventList_eventType,bodyBatteryActivityEventList_eventStartTimeGmt,bodyBatteryActivityEventList_timezoneOffset,bodyBatteryActivityEventList_durationInMillise,bodyBatteryActivityEventList_bodyBatteryImpact,bodyBatteryActivityEventList_feedbackType,bodyBatteryActivityEventList_shortFeedback,bodyBatteryActivityEventList_deviceId,bodyBatteryActivityEventList_eventUpdateTimeGm,bodyBatteryActivityEventList1_eventType,bodyBatteryActivityEventList1_eventStartTimeGm,bodyBatteryActivityEventList1_timezoneOffset,bodyBatteryActivityEventList1_durationInMillis,bodyBatteryActivityEventList1_bodyBatteryImpac,bodyBatteryActivityEventList1_feedbackType,bodyBatteryActivityEventList1_shortFeedback,bodyBatteryActivityEventList1_deviceId,bodyBatteryActivityEventList1_eventUpdateTimeG,avgWakingRespirationValue,highestRespirationValue,lowestRespirationValue,latestRespirationValue,latestRespirationTimeGMT,respirationAlgorithmVersion,som_sleepTimeSeconds,som_napTimeSeconds,som_sleepWindowConfirmed,som_sleepStartTimestampGMT,som_sleepEndTimestampGMT,som_sleepStartTimestampLocal,som_sleepEndTimestampLocal,som_unmeasurableSleepSeconds,som_deepSleepSeconds,som_lightSleepSeconds,som_remSleepSeconds,som_awakeSleepSeconds,som_deviceRemCapable,som_retro,som_sleepFromDevice,som_averageSpO2Value,som_lowestSpO2Value,som_highestSpO2Value,som_averageSpO2HRSleep,som_averageRespirationValue,som_lowestRespirationValue,som_highestRespirationValue,som_awakeCount,som_avgSleepStress,som_ageGroup,som_avgHeartRate,som_sleepScoreFeedback,som_sleepScoreInsight,som_sleepScorePersonalizedInsight,som_sleepScores_totalDuration_qualifierKey,som_sleepScores_totalDuration_optimalStart,som_sleepScores_totalDuration_optimalEnd,som_sleepScores_stress_qualifierKey,som_sleepScores_stress_optimalStart,som_sleepScores_stress_optimalEnd,som_sleepScores_awakeCount_qualifierKey,som_sleepScores_awakeCount_optimalStart,som_sleepScores_awakeCount_optimalEnd,som_sleepScores_overall_value,som_sleepScores_overall_qualifierKey,som_sleepScores_remPercentage_value,som_sleepScores_remPercentage_qualifierKey,som_sleepScores_remPercentage_optimalStart,som_sleepScores_remPercentage_optimalEnd,som_sleepScores_remPercentage_idealStartInSeco,som_sleepScores_remPercentage_idealEndInSecond,som_sleepScores_restlessness_qualifierKey,som_sleepScores_restlessness_optimalStart,som_sleepScores_restlessness_optimalEnd,som_sleepScores_lightPercentage_value,som_sleepScores_lightPercentage_qualifierKey,som_sleepScores_lightPercentage_optimalStart,som_sleepScores_lightPercentage_optimalEnd,som_sleepScores_lightPercentage_idealStartInSe,som_sleepScores_lightPercentage_idealEndInSeco,som_sleepScores_deepPercentage_value,som_sleepScores_deepPercentage_qualifierKey,som_sleepScores_deepPercentage_optimalStart,som_sleepScores_deepPercentage_optimalEnd,som_sleepScores_deepPercentage_idealStartInSec,som_sleepScores_deepPercentage_idealEndInSecon,som_sleepVersion,som_sleepNeed_deviceId,som_sleepNeed_timestampGmt,som_sleepNeed_baseline,som_sleepNeed_actual,som_sleepNeed_feedback,som_sleepNeed_trainingFeedback,som_sleepNeed_sleepHistoryAdjustment,som_sleepNeed_hrvAdjustment,som_sleepNeed_napAdjustment,som_sleepNeed_displayedForTheDay,som_sleepNeed_recommendedBedtimeStartMins,som_sleepNeed_recommendedBedtimeEndMins,som_sleepNeed_preferredActivityTracker,som_nextSleepNeed_deviceId,som_nextSleepNeed_timestampGmt,som_nextSleepNeed_baseline,som_nextSleepNeed_actual,som_nextSleepNeed_feedback,som_nextSleepNeed_trainingFeedback,som_nextSleepNeed_sleepHistoryAdjustment,som_nextSleepNeed_hrvAdjustment,som_nextSleepNeed_napAdjustment,som_nextSleepNeed_displayedForTheDay,som_nextSleepNeed_recommendedBedtimeStartMins,som_nextSleepNeed_recommendedBedtimeEndMins,som_nextSleepNeed_preferredActivityTracker,som_breathingDisruptionSeverity,som_sleepAlignment_userId,som_sleepAlignment_deviceId,som_sleepAlignment_isPreferredActivityTracker,som_sleepAlignment_sleepNeedBaselineMins,som_sleepAlignment_optimalSleepWindowStartMins,som_sleepAlignment_optimalSleepWindowEndMins,som_sleepAlignment_status,som_sleepAlignment_optimalSleepWindowMidpointM,som_sleepAlignment_lastSleepMidpointMins,som_deviceId,som_sleepMeasurementStartGMT,som_sleepMeasurementEndGMT,som_averageSPO2,som_averageSpO2HR,som_lowestSPO2,som_restlessMomentsCount,som_avgOvernightHrv,som_bodyBatteryChange,som_restingHeartRate,som_profond_min,som_leger_min,som_rem_min,som_eveille_min,vfc_weeklyAvg,vfc_lastNightAvg,vfc_lastNight5MinHigh,vfc_baseline_lowUpper,vfc_baseline_balancedLow,vfc_baseline_balancedUpper,vfc_baseline_markerValue,vfc_status,vfc_feedbackPhrase,vfc_createTimeStamp,ent_trainingStatus,ent_deviceId,ent_sport,ent_subSport,ent_fitnessTrendSport,ent_fitnessTrend,ent_trainingStatusFeedbackPhrase,ent_trainingPaused,ent_acuteTrainingLoadDTO_acwrPercent,ent_acuteTrainingLoadDTO_acwrStatus,ent_acuteTrainingLoadDTO_acwrStatusFeedback,ent_acuteTrainingLoadDTO_dailyTrainingLoadAcut,ent_acuteTrainingLoadDTO_maxTrainingLoadChroni,ent_acuteTrainingLoadDTO_minTrainingLoadChroni,ent_acuteTrainingLoadDTO_dailyTrainingLoadChro,ent_acuteTrainingLoadDTO_dailyAcuteChronicWork,ent_primaryTrainingDevice,vo2_userId,vo2_generic_vo2MaxPreciseValue,vo2_generic_vo2MaxValue,vo2_generic_maxMetCategory,vo2_cycling_vo2MaxPreciseValue,vo2_cycling_vo2MaxValue,vo2_cycling_maxMetCategory,vo2_heatAltitudeAcclimation_altitudeAcclimatio,vo2_heatAltitudeAcclimation_previousAltitudeAc,vo2_heatAltitudeAcclimation_heatAcclimationPer,vo2_heatAltitudeAcclimation_previousHeatAcclim,vo2_heatAltitudeAcclimation_heatTrend,vo2_heatAltitudeAcclimation_currentAltitude,vo2_heatAltitudeAcclimation_previousAltitude,vo2_heatAltitudeAcclimation_acclimationPercent,vo2_heatAltitudeAcclimation_previousAcclimatio,prep_timestampLocal,prep_deviceId,prep_level,prep_feedbackLong,prep_feedbackShort,prep_score,prep_sleepScore,prep_sleepScoreFactorPercent,prep_sleepScoreFactorFeedback,prep_recoveryTime,prep_recoveryTimeFactorPercent,prep_recoveryTimeFactorFeedback,prep_acwrFactorPercent,prep_acwrFactorFeedback,prep_acuteLoad,prep_stressHistoryFactorPercent,prep_stressHistoryFactorFeedback,prep_hrvFactorPercent,prep_hrvFactorFeedback,prep_hrvWeeklyAverage,prep_sleepHistoryFactorPercent,prep_sleepHistoryFactorFeedback,prep_validSleep,prep_inputContext,prep_primaryActivityTracker,prep_recoveryTimeChangePhrase,age_chronologicalAge,age_fitnessAge,age_achievableFitnessAge,age_previousFitnessAge,age_components_bodyFat_value,age_components_bodyFat_targetValue,age_components_bodyFat_improvementValue,age_components_bodyFat_potentialAge,age_components_bodyFat_priority,age_components_bodyFat_stale,age_components_vigorousDaysAvg_value,age_components_vigorousDaysAvg_targetValue,age_components_vigorousDaysAvg_potentialAge,age_components_vigorousDaysAvg_priority,age_components_vigorousDaysAvg_stale,age_components_vigorousDaysAvg_numOfWeeksForIm,age_components_rhr_value,age_components_rhr_stale,age_components_vigorousMinutesAvg_value,age_components_vigorousMinutesAvg_stale,age_components_vigorousMinutesAvg_numOfWeeksFo,age_lastUpdated,recup_temps_h,recup_readiness,recup_niveau,recup_retour,recup_facteur_sommeil,recup_facteur_historique_sommeil,recup_facteur_vfc,recup_vfc_moy_7j,recup_facteur_stress,recup_charge_aigue,recup_facteur_acwr,ent_statut,vfc_moy_7j,vfc_base_bas,vfc_base_haut,vfc_base_repere,restingCaloriesFromActivity,bodyBatteryActivityEventList1_activityName,bodyBatteryActivityEventList1_activityType,bodyBatteryActivityEventList1_activityId,som_dailyNapDTOS_deviceId,som_dailyNapDTOS_napTimeSec,som_dailyNapDTOS_napStartTimestampGMT,som_dailyNapDTOS_napEndTimestampGMT,som_dailyNapDTOS_napFeedback,som_dailyNapDTOS_napSource,som_dailyNapDTOS_napStartTimeOffset,som_dailyNapDTOS_napEndTimeOffset,vo2_heatAltitudeAcclimation_altitudeTrend,recup_temps_min,bodyBatteryActivityEventList_activityName,bodyBatteryActivityEventList_activityType,bodyBatteryActivityEventList_activityId,max_userId,max_generic_vo2MaxPreciseValue,max_generic_vo2MaxValue,max_generic_maxMetCategory,max_heatAltitudeAcclimation_altitudeAcclimatio,max_heatAltitudeAcclimation_previousAltitudeAc,max_heatAltitudeAcclimation_heatAcclimationPer,max_heatAltitudeAcclimation_previousHeatAcclim,max_heatAltitudeAcclimation_heatTrend,max_heatAltitudeAcclimation_altitudeTrend,max_heatAltitudeAcclimation_currentAltitude,max_heatAltitudeAcclimation_previousAltitude,max_heatAltitudeAcclimation_acclimationPercent,max_heatAltitudeAcclimation_previousAcclimatio,bodyBatteryActivityEventList2_eventType,bodyBatteryActivityEventList2_eventStartTimeGm,bodyBatteryActivityEventList2_timezoneOffset,bodyBatteryActivityEventList2_durationInMillis,bodyBatteryActivityEventList2_bodyBatteryImpac,bodyBatteryActivityEventList2_feedbackType,bodyBatteryActivityEventList2_shortFeedback,bodyBatteryActivityEventList2_deviceId,bodyBatteryActivityEventList2_activityName,bodyBatteryActivityEventList2_activityType,bodyBatteryActivityEventList2_activityId,bodyBatteryActivityEventList2_eventUpdateTimeG,lastSyncTimestampGMT
2026-06-03,42,24,100,30,5998,107,BALANCED,8.27,62,88,PEAKING_1,100,21.6,23.1,11.9,11.1,,,,,,,,,,,,,,,,,,,,,,,,,,,,,,,,,,,,,,,,,,,,,,,,,,,,,,,,,,,,,,,,,,,,,,,,,,,,,,,,,,,,,,,,,,,,,,,,,,,,,,,,,,,,,,,,,,,,,,,,,,,,,,,,,,,,,,,,,,,,,,,,,,,,,,,,,,,,,,,,,,,,,,,,,,,,,,,,,,,,,,,,,,,,,,,,,,,,,,,,,,,,,,,,,,,,,,,,,,,,,,,,,,,,,,,,,,,,,,,,,,,,,,,,,,,,,,,,,,,,,,,,,,,,,,,,,,,,,,,,,,,,,,,,,,,,,,,,,,,,,,,,,,,,,,,,,,,,,,,,,,,,,,,,,,,,,,,,,,,,,,,,,,,,,,,,,,,,,,,,,,,,,,,,,,,,,,,,,,,,,,,,,,,,
2026-06-04,41,32,100,18,9894,112,BALANCED,7.75,82,87,MAINTAINING_2,76,38.9,23.4,15.8,7.7,49.8,,,,,,,,,,,,,,,,,,,,,,,,,,,,,,,,,,,,,,,,,,,,,,,,,,,,,,,,,,,,,,,,,,,,,,,,,,,,,,,,,,,,,,,,,,,,,,,,,,,,,,,,,,,,,,,,,,,,,,,,,,,,,,,,,,,,,,,,,,,,,,,,,,,,,,,,,,,,,,,,,,,,,,,,,,,,,,,,,,,,,,,,,,,,,,,,,,,,,,,,,,,,,,,,,,,,,,,,,,,,,,,,,,,,,,,,,,,,,,,,,,,,,,,,,,,,,,,,,,,,,,,,,,,,,,,,,,,,,,,,,,,,,,,,,,,,,,,,,,,,,,,,,,,,,,,,,,,,,,,,,,,,,,,,,,,,,,,,,,,,,,,,,,,,,,,,,,,,,,,,,,,,,,,,,,,,,,,,,,,,,,,,,,,
2026-06-05,42,20,100,22,4017,109,BALANCED,8.33,97,80,MAINTAINING_2,73,0.0,22.9,13.5,9.4,,,,,,,,,,,,,,,,,,,,,,,,,,,,,,,,,,,,,,,,,,,,,,,,,,,,,,,,,,,,,,,,,,,,,,,,,,,,,,,,,,,,,,,,,,,,,,,,,,,,,,,,,,,,,,,,,,,,,,,,,,,,,,,,,,,,,,,,,,,,,,,,,,,,,,,,,,,,,,,,,,,,,,,,,,,,,,,,,,,,,,,,,,,,,,,,,,,,,,,,,,,,,,,,,,,,,,,,,,,,,,,,,,,,,,,,,,,,,,,,,,,,,,,,,,,,,,,,,,,,,,,,,,,,,,,,,,,,,,,,,,,,,,,,,,,,,,,,,,,,,,,,,,,,,,,,,,,,,,,,,,,,,,,,,,,,,,,,,,,,,,,,,,,,,,,,,,,,,,,,,,,,,,,,,,,,,,,,,,,,,,,,,,,,
2026-06-06,41,11,100,39,477,109,BALANCED,8.43,65,90,MAINTAINING_2,80,0.0,22.3,11.6,10.7,,,,,,,,,,,,,,,,,,,,,,,,,,,,,,,,,,,,,,,,,,,,,,,,,,,,,,,,,,,,,,,,,,,,,,,,,,,,,,,,,,,,,,,,,,,,,,,,,,,,,,,,,,,,,,,,,,,,,,,,,,,,,,,,,,,,,,,,,,,,,,,,,,,,,,,,,,,,,,,,,,,,,,,,,,,,,,,,,,,,,,,,,,,,,,,,,,,,,,,,,,,,,,,,,,,,,,,,,,,,,,,,,,,,,,,,,,,,,,,,,,,,,,,,,,,,,,,,,,,,,,,,,,,,,,,,,,,,,,,,,,,,,,,,,,,,,,,,,,,,,,,,,,,,,,,,,,,,,,,,,,,,,,,,,,,,,,,,,,,,,,,,,,,,,,,,,,,,,,,,,,,,,,,,,,,,,,,,,,,,,,,,,,,,
2026-06-07,41,24,100,39,5851,108,BALANCED,7.88,87,89,MAINTAINING_2,86,43.3,22.8,16.1,6.7,,,,,,,,,,,,,,,,,,,,,,,,,,,,,,,,,,,,,,,,,,,,,,,,,,,,,,,,,,,,,,,,,,,,,,,,,,,,,,,,,,,,,,,,,,,,,,,,,,,,,,,,,,,,,,,,,,,,,,,,,,,,,,,,,,,,,,,,,,,,,,,,,,,,,,,,,,,,,,,,,,,,,,,,,,,,,,,,,,,,,,,,,,,,,,,,,,,,,,,,,,,,,,,,,,,,,,,,,,,,,,,,,,,,,,,,,,,,,,,,,,,,,,,,,,,,,,,,,,,,,,,,,,,,,,,,,,,,,,,,,,,,,,,,,,,,,,,,,,,,,,,,,,,,,,,,,,,,,,,,,,,,,,,,,,,,,,,,,,,,,,,,,,,,,,,,,,,,,,,,,,,,,,,,,,,,,,,,,,,,,,,,,,,,
2026-06-08,42,31,100,25,5396,106,BALANCED,7.45,60,83,MAINTAINING_2,79,0.0,22.3,13.8,8.5,,,,,,,,,,,,,,,,,,,,,,,,,,,,,,,,,,,,,,,,,,,,,,,,,,,,,,,,,,,,,,,,,,,,,,,,,,,,,,,,,,,,,,,,,,,,,,,,,,,,,,,,,,,,,,,,,,,,,,,,,,,,,,,,,,,,,,,,,,,,,,,,,,,,,,,,,,,,,,,,,,,,,,,,,,,,,,,,,,,,,,,,,,,,,,,,,,,,,,,,,,,,,,,,,,,,,,,,,,,,,,,,,,,,,,,,,,,,,,,,,,,,,,,,,,,,,,,,,,,,,,,,,,,,,,,,,,,,,,,,,,,,,,,,,,,,,,,,,,,,,,,,,,,,,,,,,,,,,,,,,,,,,,,,,,,,,,,,,,,,,,,,,,,,,,,,,,,,,,,,,,,,,,,,,,,,,,,,,,,,,,,,,,,,
2026-06-09,37,29,98,22,14799,119,BALANCED,6.9,94,73,MAINTAINING_2,50,52.9,23.0,19.4,3.6,49.5,,,,,,,,,,,,,,,,,,,,,,,,,,,,,,,,,,,,,,,,,,,,,,,,,,,,,,,,,,,,,,,,,,,,,,,,,,,,,,,,,,,,,,,,,,,,,,,,,,,,,,,,,,,,,,,,,,,,,,,,,,,,,,,,,,,,,,,,,,,,,,,,,,,,,,,,,,,,,,,,,,,,,,,,,,,,,,,,,,,,,,,,,,,,,,,,,,,,,,,,,,,,,,,,,,,,,,,,,,,,,,,,,,,,,,,,,,,,,,,,,,,,,,,,,,,,,,,,,,,,,,,,,,,,,,,,,,,,,,,,,,,,,,,,,,,,,,,,,,,,,,,,,,,,,,,,,,,,,,,,,,,,,,,,,,,,,,,,,,,,,,,,,,,,,,,,,,,,,,,,,,,,,,,,,,,,,,,,,,,,,,,,,,,
2026-06-10,38,31,99,20,6808,111,BALANCED,7.33,108,88,MAINTAINING_2,75,22.4,23.0,19.8,3.2,,,,,,,,,,,,,,,,,,,,,,,,,,,,,,,,,,,,,,,,,,,,,,,,,,,,,,,,,,,,,,,,,,,,,,,,,,,,,,,,,,,,,,,,,,,,,,,,,,,,,,,,,,,,,,,,,,,,,,,,,,,,,,,,,,,,,,,,,,,,,,,,,,,,,,,,,,,,,,,,,,,,,,,,,,,,,,,,,,,,,,,,,,,,,,,,,,,,,,,,,,,,,,,,,,,,,,,,,,,,,,,,,,,,,,,,,,,,,,,,,,,,,,,,,,,,,,,,,,,,,,,,,,,,,,,,,,,,,,,,,,,,,,,,,,,,,,,,,,,,,,,,,,,,,,,,,,,,,,,,,,,,,,,,,,,,,,,,,,,,,,,,,,,,,,,,,,,,,,,,,,,,,,,,,,,,,,,,,,,,,,,,,,,,
2026-06-11,40,24,100,20,4324,111,BALANCED,8.03,133,90,PRODUCTIVE_2,59,52.9,23.7,24.6,-0.8,,,,,,,,,,,,,,,,,,,,,,,,,,,,,,,,,,,,,,,,,,,,,,,,,,,,,,,,,,,,,,,,,,,,,,,,,,,,,,,,,,,,,,,,,,,,,,,,,,,,,,,,,,,,,,,,,,,,,,,,,,,,,,,,,,,,,,,,,,,,,,,,,,,,,,,,,,,,,,,,,,,,,,,,,,,,,,,,,,,,,,,,,,,,,,,,,,,,,,,,,,,,,,,,,,,,,,,,,,,,,,,,,,,,,,,,,,,,,,,,,,,,,,,,,,,,,,,,,,,,,,,,,,,,,,,,,,,,,,,,,,,,,,,,,,,,,,,,,,,,,,,,,,,,,,,,,,,,,,,,,,,,,,,,,,,,,,,,,,,,,,,,,,,,,,,,,,,,,,,,,,,,,,,,,,,,,,,,,,,,,,,,,,,,
2026-06-12,42,27,95,20,3339,105,BALANCED,7.95,70,84,PRODUCTIVE_2,75,0.0,23.2,21.0,2.1,,,,,,,,,,,,,,,,,,,,,,,,,,,,,,,,,,,,,,,,,,,,,,,,,,,,,,,,,,,,,,,,,,,,,,,,,,,,,,,,,,,,,,,,,,,,,,,,,,,,,,,,,,,,,,,,,,,,,,,,,,,,,,,,,,,,,,,,,,,,,,,,,,,,,,,,,,,,,,,,,,,,,,,,,,,,,,,,,,,,,,,,,,,,,,,,,,,,,,,,,,,,,,,,,,,,,,,,,,,,,,,,,,,,,,,,,,,,,,,,,,,,,,,,,,,,,,,,,,,,,,,,,,,,,,,,,,,,,,,,,,,,,,,,,,,,,,,,,,,,,,,,,,,,,,,,,,,,,,,,,,,,,,,,,,,,,,,,,,,,,,,,,,,,,,,,,,,,,,,,,,,,,,,,,,,,,,,,,,,,,,,,,,,,
2026-06-13,38,29,100,16,11915,117,BALANCED,8.28,81,94,PRODUCTIVE_2,68,63.1,24.1,27.1,-3.0,,,,,,,,,,,,,,,,,,,,,,,,,,,,,,,,,,,,,,,,,,,,,,,,,,,,,,,,,,,,,,,,,,,,,,,,,,,,,,,,,,,,,,,,,,,,,,,,,,,,,,,,,,,,,,,,,,,,,,,,,,,,,,,,,,,,,,,,,,,,,,,,,,,,,,,,,,,,,,,,,,,,,,,,,,,,,,,,,,,,,,,,,,,,,,,,,,,,,,,,,,,,,,,,,,,,,,,,,,,,,,,,,,,,,,,,,,,,,,,,,,,,,,,,,,,,,,,,,,,,,,,,,,,,,,,,,,,,,,,,,,,,,,,,,,,,,,,,,,,,,,,,,,,,,,,,,,,,,,,,,,,,,,,,,,,,,,,,,,,,,,,,,,,,,,,,,,,,,,,,,,,,,,,,,,,,,,,,,,,,,,,,,,,,
2026-06-14,44,52,46,5,6087,72,BALANCED,5.42,78,63,PRODUCTIVE_2,51,100.5,25.9,37.5,-11.6,,93.34,1781432022415,1781439203000,27.299999237060547,23.1,56.1,6.21,37.47,1781432003000,1781432022415,1781439203000,93339.0,27.299999237060547,23.1,56.1,6210,37470,INDEX_SCALE,1781432003000,399.9999999999915,,,,,,,,,,,,,,,,,,,,,,,,,,,,,,,,,,,,,,,,,,,,,,,,,,,,,,,,,,,,,,,,,,,,,,,,,,,,,,,,,,,,,,,,,,,,,,,,,,,,,,,,,,,,,,,,,,,,,,,,,,,,,,,,,,,,,,,,,,,,,,,,,,,,,,,,,,,,,,,,,,,,,,,,,,,,,,,,,,,,,,,,,,,,,,,,,,,,,,,,,,,,,,,,,,,,,,,,,,,,,,,,,,,,,,,,,,,,,,,,,,,,,,,,,,,,,,,,,,,,,,,,,,,,,,,,,,,,,,,,,,,,,,,,,,,,,,,,,,,,,,,,,,,,,,,,,,,,,,,,,,,,,,,,,,,,,,,,,,,,,,,,,,,,,,,,,,,,,,,,,,,,,,,
2026-06-15,44,36,37,5,7301,66,BALANCED,5.47,84,65,PRODUCTIVE_2,50,0.0,25.3,32.2,-6.9,,,,,,,,,,,,,,,,,,,,,,,,,,,,,,,,,,,,,,,,,,,,,,,,,,,,,,,,,,,,,,,,,,,,,,,,,,,,,,,,,,,,,,,,,,,,,,,,,,,,,,,,,,,,,,,,,,,,,,,,,,,,,,,,,,,,,,,,,,,,,,,,,,,,,,,,,,,,,,,,,,,,,,,,,,,,,,,,,,,,,,,,,,,,,,,,,,,,,,,,,,,,,,,,,,,,,,,,,,,,,,,,,,,,,,,,,,,,,,,,,,,,,,,,,,,,,,,,,,,,,,,,,,,,,,,,,,,,,,,,,,,,,,,,,,,,,,,,,,,,,,,,,,,,,,,,,,,,,,,,,,,,,,,,,,,,,,,,,,,,,,,,,,,,,,,,,,,,,,,,,,,,,,,,,,,,,,,,,,,,,,,,,,,,
2026-06-16,43,31,72,5,4231,100,BALANCED,7.1,91,79,MAINTAINING_2,59,0.0,24.7,27.6,-2.9,,,,,,,,,,,,,,,,,,,,,,,,,,,,,,,,,,,,,,,,,,,,,,,,,,,,,,,,,,,,,,,,,,,,,,,,,,,,,,,,,,,,,,,,,,,,,,,,,,,,,,,,,,,,,,,,,,,,,,,,,,,,,,,,,,,,,,,,,,,,,,,,,,,,,,,,,,,,,,,,,,,,,,,,,,,,,,,,,,,,,,,,,,,,,,,,,,,,,,,,,,,,,,,,,,,,,,,,,,,,,,,,,,,,,,,,,,,,,,,,,,,,,,,,,,,,,,,,,,,,,,,,,,,,,,,,,,,,,,,,,,,,,,,,,,,,,,,,,,,,,,,,,,,,,,,,,,,,,,,,,,,,,,,,,,,,,,,,,,,,,,,,,,,,,,,,,,,,,,,,,,,,,,,,,,,,,,,,,,,,,,,,,,,,
2026-06-17,43,33,95,15,4318,108,BALANCED,7.95,92,94,UNPRODUCTIVE_3,85,0.0,24.1,23.6,0.5,,,,,,,,,,,,,,,,,,,,,,,,,,,,,,,,,,,,,,,,,,,,,,,,,,,,,,,,,,,,,,,,,,,,,,,,,,,,,,,,,,,,,,,,,,,,,,,,,,,,,,,,,,,,,,,,,,,,,,,,,,,,,,,,,,,,,,,,,,,,,,,,,,,,,,,,,,,,,,,,,,,,,,,,,,,,,,,,,,,,,,,,,,,,,,,,,,,,,,,,,,,,,,,,,,,,,,,,,,,,,,,,,,,,,,,,,,,,,,,,,,,,,,,,,,,,,,,,,,,,,,,,,,,,,,,,,,,,,,,,,,,,,,,,,,,,,,,,,,,,,,,,,,,,,,,,,,,,,,,,,,,,,,,,,,,,,,,,,,,,,,,,,,,,,,,,,,,,,,,,,,,,,,,,,,,,,,,,,,,,,,,,,,,,
2026-06-18,40,38,94,10,9777,111,BALANCED,6.78,102,76,MAINTAINING_2,75,23.1,24.1,23.6,0.5,49.4,,,,,,,,,,,,,,,,,,,,,,,,,,,,,,,,,,,,,,,,,,,,,,,,,,,,,,,,,,,,,,,,,,,,,,,,,,,,,,,,,,,,,,,,,,,,,,,,,,,,,,,,,,,,,,,,,,,,,,,,,,,,,,,,,,,,,,,,,,,,,,,,,,,,,,,,,,,,,,,,,,,,,,,,,,,,,,,,,,,,,,,,,,,,,,,,,,,,,,,,,,,,,,,,,,,,,,,,,,,,,,,,,,,,,,,,,,,,,,,,,,,,,,,,,,,,,,,,,,,,,,,,,,,,,,,,,,,,,,,,,,,,,,,,,,,,,,,,,,,,,,,,,,,,,,,,,,,,,,,,,,,,,,,,,,,,,,,,,,,,,,,,,,,,,,,,,,,,,,,,,,,,,,,,,,,,,,,,,,,,,,,,,,,
2026-06-19,46,32,69,12,6750,83,BALANCED,6.97,138,63,MAINTAINING_2,62,0.0,23.5,20.2,3.3,,,,,,,,,,,,,,,,,,,,,,,,,,,,,,,,,,,,,,,,,,,,,,,,,,,,,,,,,,,,,,,,,,,,,,,,,,,,,,,,,,,,,,,,,,,,,,,,,,,,,,,,,,,,,,,,,,,,,,,,,,,,,,,,,,,,,,,,,,,,,,,,,,,,,,,,,,,,,,,,,,,,,,,,,,,,,,,,,,,,,,,,,,,,,,,,,,,,,,,,,,,,,,,,,,,,,,,,,,,,,,,,,,,,,,,,,,,,,,,,,,,,,,,,,,,,,,,,,,,,,,,,,,,,,,,,,,,,,,,,,,,,,,,,,,,,,,,,,,,,,,,,,,,,,,,,,,,,,,,,,,,,,,,,,,,,,,,,,,,,,,,,,,,,,,,,,,,,,,,,,,,,,,,,,,,,,,,,,,,,,,,,,,,,
2026-06-20,43,39,82,8,14854,105,BALANCED,6.6,40,78,RECOVERY_2,73,0.0,23.0,17.3,5.6,,,,,,,,,,,,,,,,,,,,,,,,,,,,,,,,,,,,,,,,,,,,,,,,,,,,,,,,,,,,,,,,,,,,,,,,,,,,,,,,,,,,,,,,,,,,,,,,,,,,,,,,,,,,,,,,,,,,,,,,,,,,,,,,,,,,,,,,,,,,,,,,,,,,,,,,,,,,,,,,,,,,,,,,,,,,,,,,,,,,,,,,,,,,,,,,,,,,,,,,,,,,,,,,,,,,,,,,,,,,,,,,,,,,,,,,,,,,,,,,,,,,,,,,,,,,,,,,,,,,,,,,,,,,,,,,,,,,,,,,,,,,,,,,,,,,,,,,,,,,,,,,,,,,,,,,,,,,,,,,,,,,,,,,,,,,,,,,,,,,,,,,,,,,,,,,,,,,,,,,,,,,,,,,,,,,,,,,,,,,,,,,,,,,
2026-06-21,43,40,85,5,25061,98,BALANCED,6.55,70,73,PRODUCTIVE_6,2,127.7,25.4,33.1,-7.6,,,,,,,,,,,,,,,,,,,,,,,,,,,,,,,,,,,,,,,,,,,,,,,,,,,,,,,,,,,,,,,,,,,,,,,,,,,,,,,,,,,,,,,,,,,,,,,,,,,,,,,,,,,,,,,,,,,,,,,,,,,,,,,,,,,,,,,,,,,,,,,,,,,,,,,,,,,,,,,,,,,,,,,,,,,,,,,,,,,,,,,,,,,,,,,,,,,,,,,,,,,,,,,,,,,,,,,,,,,,,,,,,,,,,,,,,,,,,,,,,,,,,,,,,,,,,,,,,,,,,,,,,,,,,,,,,,,,,,,,,,,,,,,,,,,,,,,,,,,,,,,,,,,,,,,,,,,,,,,,,,,,,,,,,,,,,,,,,,,,,,,,,,,,,,,,,,,,,,,,,,,,,,,,,,,,,,,,,,,,,,,,,,,,
2026-06-22,47,60,14,5,4679,33,BALANCED,4.53,45,33,PRODUCTIVE_6,1,0.0,24.8,28.4,-3.5,,,,,,,,,,,,,,,,,,,,,,,,,,,,,,,,,,,,,,,,,,,,,,,,,,,,,,,,,,,,,,,,,,,,,,,,,,,,,,,,,,,,,,,,,,,,,,,,,,,,,,,,,,,,,,,,,,,,,,,,,,,,,,,,,,,,,,,,,,,,,,,,,,,,,,,,,,,,,,,,,,,,,,,,,,,,,,,,,,,,,,,,,,,,,,,,,,,,,,,,,,,,,,,,,,,,,,,,,,,,,,,,,,,,,,,,,,,,,,,,,,,,,,,,,,,,,,,,,,,,,,,,,,,,,,,,,,,,,,,,,,,,,,,,,,,,,,,,,,,,,,,,,,,,,,,,,,,,,,,,,,,,,,,,,,,,,,,,,,,,,,,,,,,,,,,,,,,,,,,,,,,,,,,,,,,,,,,,,,,,,,,,,,,,
2026-06-23,47,32,41,5,8683,73,BALANCED,6.63,76,71,PRODUCTIVE_2,1,0.0,24.3,24.3,-0.1,,,,,,,,,,,,,,,,,,,,,,,,,,,,,,,,,,,,,,,,,,,,,,,,,,,,,,,,,,,,,,,,,,,,,,,,,,,,,,,,,,,,,,,,,,,,,,,,,,,,,,,,,,,,,,,,,,,,,,,,,,,,,,,,,,,,,,,,,,,,,,,,,,,,,,,,,,,,,,,,,,,,,,,,,,,,,,,,,,,,,,,,,,,,,,,,,,,,,,,,,,,,,,,,,,,,,,,,,,,,,,,,,,,,,,,,,,,,,,,,,,,,,,,,,,,,,,,,,,,,,,,,,,,,,,,,,,,,,,,,,,,,,,,,,,,,,,,,,,,,,,,,,,,,,,,,,,,,,,,,,,,,,,,,,,,,,,,,,,,,,,,,,,,,,,,,,,,,,,,,,,,,,,,,,,,,,,,,,,,,,,,,,,,,
2026-06-24,47,28,73,11,4915,81,UNBALANCED,7.65,100,81,MAINTAINING_2,25,0.0,23.7,20.8,2.8,,,,,,,,,,,,,,,,,,,,,,,,,,,,,,,,,,,,,,,,,,,,,,,,,,,,,,,,,,,,,,,,,,,,,,,,,,,,,,,,,,,,,,,,,,,,,,,,,,,,,,,,,,,,,,,,,,,,,,,,,,,,,,,,,,,,,,,,,,,,,,,,,,,,,,,,,,,,,,,,,,,,,,,,,,,,,,,,,,,,,,,,,,,,,,,,,,,,,,,,,,,,,,,,,,,,,,,,,,,,,,,,,,,,,,,,,,,,,,,,,,,,,,,,,,,,,,,,,,,,,,,,,,,,,,,,,,,,,,,,,,,,,,,,,,,,,,,,,,,,,,,,,,,,,,,,,,,,,,,,,,,,,,,,,,,,,,,,,,,,,,,,,,,,,,,,,,,,,,,,,,,,,,,,,,,,,,,,,,,,,,,,,,,,
2026-06-25,47,27,76,21,5394,91,UNBALANCED,6.42,112,70,MAINTAINING_2,50,0.0,23.1,17.9,5.3,,,,,,,,,,,,,,,,,,,,,,,,,,,,,,,,,,,,,,,,,,,,,,,,,,,,,,,,,,,,,,,,,,,,,,,,,,,,,,,,,,,,,,,,,,,,,,,,,,,,,,,,,,,,,,,,,,,,,,,,,,,,,,,,,,,,,,,,,,,,,,,,,,,,,,,,,,,,,,,,,,,,,,,,,,,,,,,,,,,,,,,,,,,,,,,,,,,,,,,,,,,,,,,,,,,,,,,,,,,,,,,,,,,,,,,,,,,,,,,,,,,,,,,,,,,,,,,,,,,,,,,,,,,,,,,,,,,,,,,,,,,,,,,,,,,,,,,,,,,,,,,,,,,,,,,,,,,,,,,,,,,,,,,,,,,,,,,,,,,,,,,,,,,,,,,,,,,,,,,,,,,,,,,,,,,,,,,,,,,,,,,,,,,,
2026-06-26,43,26,92,23,5983,92,UNBALANCED,7.42,107,84,MAINTAINING_2,75,0.0,22.6,15.3,7.3,,,,,,,,,,,,,,,,,,,,,,,,,,,,,,,,,,,,,,,,,,,,,,,,,,,,,,,,,,,,,,,,,,,,,,,,,,,,,,,,,,,,,,,,,,,,,,,,,,,,,,,,,,,,,,,,,,,,,,,,,,,,,,,,,,,,,,,,,,,,,,,,,,,,,,,,,,,,,,,,,,,,,,,,,,,,,,,,,,,,,,,,,,,,,,,,,,,,,,,,,,,,,,,,,,,,,,,,,,,,,,,,,,,,,,,,,,,,,,,,,,,,,,,,,,,,,,,,,,,,,,,,,,,,,,,,,,,,,,,,,,,,,,,,,,,,,,,,,,,,,,,,,,,,,,,,,,,,,,,,,,,,,,,,,,,,,,,,,,,,,,,,,,,,,,,,,,,,,,,,,,,,,,,,,,,,,,,,,,,,,,,,,,,,
2026-06-27,44,29,96,18,6537,110,UNBALANCED,7.03,85,81,RECOVERY_2,76,0.0,22.0,13.1,8.9,,,,,,,,,,,,,,,,,,,,,,,,,,,,,,,,,,,,,,,,,,,,,,,,,,,,,,,,,,,,,,,,,,,,,,,,,,,,,,,,,,,,,,,,,,,,,,,,,,,,,,,,,,,,,,,,,,,,,,,,,,,,,,,,,,,,,,,,,,,,,,,,,,,,,,,,,,,,,,,,,,,,,,,,,,,,,,,,,,,,,,,,,,,,,,,,,,,,,,,,,,,,,,,,,,,,,,,,,,,,,,,,,,,,,,,,,,,,,,,,,,,,,,,,,,,,,,,,,,,,,,,,,,,,,,,,,,,,,,,,,,,,,,,,,,,,,,,,,,,,,,,,,,,,,,,,,,,,,,,,,,,,,,,,,,,,,,,,,,,,,,,,,,,,,,,,,,,,,,,,,,,,,,,,,,,,,,,,,,,,,,,,,,,,
2026-06-28,42,46,95,5,5400,114,UNBALANCED,6.97,46,77,RECOVERY_2,53,118.3,24.3,28.1,-3.8,,91.31,1782637528201,1782644698000,26.700000762939453,22.7,56.4,6.07,36.97,1782637498000,1782637528201,1782644698000,91309.0,26.700000762939453,22.7,56.4,6070,36970,INDEX_SCALE,1782637498000,-2000.0,,,,,,,,,,,,,,,,,,,,,,,,,,,,,,,,,,,,,,,,,,,,,,,,,,,,,,,,,,,,,,,,,,,,,,,,,,,,,,,,,,,,,,,,,,,,,,,,,,,,,,,,,,,,,,,,,,,,,,,,,,,,,,,,,,,,,,,,,,,,,,,,,,,,,,,,,,,,,,,,,,,,,,,,,,,,,,,,,,,,,,,,,,,,,,,,,,,,,,,,,,,,,,,,,,,,,,,,,,,,,,,,,,,,,,,,,,,,,,,,,,,,,,,,,,,,,,,,,,,,,,,,,,,,,,,,,,,,,,,,,,,,,,,,,,,,,,,,,,,,,,,,,,,,,,,,,,,,,,,,,,,,,,,,,,,,,,,,,,,,,,,,,,,,,,,,,,,,,,,,,,,,,,,
2026-06-29,43,35,73,7,13706,93,BALANCED,7.28,91,83,MAINTAINING_2,57,37.0,24.6,29.4,-4.8,49.4,,,,,,,,,,,,,,,,,,,,,,,,,,,,,,,,,,,,,,,,,,,,,,,,,,,,,,,,,,,,,,,,,,,,,,,,,,,,,,,,,,,,,,,,,,,,,,,,,,,,,,,,,,,,,,,,,,,,,,,,,,,,,,,,,,,,,,,,,,,,,,,,,,,,,,,,,,,,,,,,,,,,,,,,,,,,,,,,,,,,,,,,,,,,,,,,,,,,,,,,,,,,,,,,,,,,,,,,,,,,,,,,,,,,,,,,,,,,,,,,,,,,,,,,,,,,,,,,,,,,,,,,,,,,,,,,,,,,,,,,,,,,,,,,,,,,,,,,,,,,,,,,,,,,,,,,,,,,,,,,,,,,,,,,,,,,,,,,,,,,,,,,,,,,,,,,,,,,,,,,,,,,,,,,,,,,,,,,,,,,,,,,,,,
2026-06-30,41,34,87,14,7291,100,BALANCED,6.78,75,81,MAINTAINING_2,74,32.8,24.8,29.9,-5.1,,,,,,,,,,,,,,,,,,,,,,,,,,,,,,,,,,,,,,,,,,,,,,,,,,,,,,,,,,,,,,,,,,,,,,,,,,,,,,,,,,,,,,,,,,,,,,,,,,,,,,,,,,,,,,,,,,,,,,,,,,,,,,,,,,,,,,,,,,,,,,,,,,,,,,,,,,,,,,,,,,,,,,,,,,,,,,,,,,,,,,,,,,,,,,,,,,,,,,,,,,,,,,,,,,,,,,,,,,,,,,,,,,,,,,,,,,,,,,,,,,,,,,,,,,,,,,,,,,,,,,,,,,,,,,,,,,,,,,,,,,,,,,,,,,,,,,,,,,,,,,,,,,,,,,,,,,,,,,,,,,,,,,,,,,,,,,,,,,,,,,,,,,,,,,,,,,,,,,,,,,,,,,,,,,,,,,,,,,,,,,,,,,,,
2026-07-01,44,23,90,13,5543,99,BALANCED,6.7,96,80,MAINTAINING_2,69,0.0,24.2,25.6,-1.4,,,,,,,,,,,,,,,,,,,,,,,,,,,,,,,,,,,,,,,,,,,,,,,,,,,,,,,,,,,,,,,,,,,,,,,,,,,,,,,,,,,,,,,,,,,,,,,,,,,,,,,,,,,,,,,,,,,,,,,,,,,,,,,,,,,,,,,,,,,,,,,,,,,,,,,,,,,,,,,,,,,,,,,,,,,,,,,,,,,,,,,,,,,,,,,,,,,,,,,,,,,,,,,,,,,,,,,,,,,,,,,,,,,,,,,,,,,,,,,,,,,,,,,,,,,,,,,,,,,,,,,,,,,,,,,,,,,,,,,,,,,,,,,,,,,,,,,,,,,,,,,,,,,,,,,,,,,,,,,,,,,,,,,,,,,,,,,,,,,,,,,,,,,,,,,,,,,,,,,,,,,,,,,,,,,,,,,,,,,,,,,,,,,,
2026-07-02,40,33,95,12,13172,111,BALANCED,6.35,95,78,MAINTAINING_2,61,52.0,24.9,29.4,-4.5,49.7,,,,,,,,,,,,,,,,,,,,,,,,,,,,,,,,,,,,,,,,,,,,,,,,,,,,,,,,,,,,,,,,,,,,,,,,,,,,,,,,,,,,,,,,,,,,,,,,,,,,,,,,,,,,,,,,,,,,,,,,,,,,,,,,,,,,,,,,,,,,,,,,,,,,,,,,,,,,,,,,,,,,,,,,,,,,,,,,,,,,,,,,,,,,,,,,,,,,,,,,,,,,,,,,,,,,,,,,,,,,,,,,,,,,,,,,,,,,,,,,,,,,,,,,,,,,,,,,,,,,,,,,,,,,,,,,,,,,,,,,,,,,,,,,,,,,,,,,,,,,,,,,,,,,,,,,,,,,,,,,,,,,,,,,,,,,,,,,,,,,,,,,,,,,,,,,,,,,,,,,,,,,,,,,,,,,,,,,,,,,,,,,,,,
2026-07-03,40,36,93,14,6330,102,BALANCED,7.23,104,79,PRODUCTIVE_2,57,64.9,25.8,34.5,-8.6,,,,,,,,,,,,,,,,,,,,,,,,,,,,,,,,,,,,,,,,,,,,,,,,,,,,,,,,,,,,,,,,,,,,,,,,,,,,,,,,,,,,,,,,,,,,,,,,,,,,,,,,,,,,,,,,,,,,,,,,,,,,,,,,,,,,,,,,,,,,,,,,,,,,,,,,,,,,,,,,,,,,,,,,,,,,,,,,,,,,,,,,,,,,,,,,,,,,,,,,,,,,,,,,,,,,,,,,,,,,,,,,,,,,,,,,,,,,,,,,,,,,,,,,,,,,,,,,,,,,,,,,,,,,,,,,,,,,,,,,,,,,,,,,,,,,,,,,,,,,,,,,,,,,,,,,,,,,,,,,,,,,,,,,,,,,,,,,,,,,,,,,,,,,,,,,,,,,,,,,,,,,,,,,,,,,,,,,,,,,,,,,,,,,
2026-07-04,38,21,96,14,15598,124,BALANCED,6.38,78,80,PRODUCTIVE_6,26,102.6,27.7,44.2,-16.5,49.4,,,,,,,,,,,,,,,,,,,,,,,,,,,,,,,,,,,,,,,,,,,,,,,,,,,,,,,,,,,,,,,,,,,,,,,,,,,,,,,,,,,,,,,,,,,,,,,,,,,,,,,,,,,,,,,,,,,,,,,,,,,,,,,,,,,,,,,,,,,,,,,,,,,,,,,,,,,,,,,,,,,,,,,,,,,,,,,,,,,,,,,,,,,,,,,,,,,,,,,,,,,,,,,,,,,,,,,,,,,,,,,,,,,,,,,,,,,,,,,,,,,,,,,,,,,,,,,,,,,,,,,,,,,,,,,,,,,,,,,,,,,,,,,,,,,,,,,,,,,,,,,,,,,,,,,,,,,,,,,,,,,,,,,,,,,,,,,,,,,,,,,,,,,,,,,,,,,,,,,,,,,,,,,,,,,,,,,,,,,,,,,,,,,
2026-07-05,47,37,54,12,7385,72,BALANCED,5.27,62,43,PRODUCTIVE_6,3,0.0,27.0,37.9,-10.9,,,,,,,,,,,,,,,,,,,,,,,,,,,,,,,,,,,,,,,,,,,,,,,,,,,,,,,,,,,,,,,,,,,,,,,,,,,,,,,,,,,,,,,,,,,,,,,,,,,,,,,,,,,,,,,,,,,,,,,,,,,,,,,,,,,,,,,,,,,,,,,,,,,,,,,,,,,,,,,,,,,,,,,,,,,,,,,,,,,,,,,,,,,,,,,,,,,,,,,,,,,,,,,,,,,,,,,,,,,,,,,,,,,,,,,,,,,,,,,,,,,,,,,,,,,,,,,,,,,,,,,,,,,,,,,,,,,,,,,,,,,,,,,,,,,,,,,,,,,,,,,,,,,,,,,,,,,,,,,,,,,,,,,,,,,,,,,,,,,,,,,,,,,,,,,,,,,,,,,,,,,,,,,,,,,,,,,,,,,,,,,,,,,,
2026-07-06,44,33,76,12,6604,93,BALANCED,6.13,68,71,PRODUCTIVE_6,29,20.8,26.9,35.4,-8.6,,,,,,,,,,,,,,,,,,,,,,,,,,,,,,,,,,,,,,,,,,,,,,,,,,,,,,,,,,,,,,,,,,,,,,,,,,,,,,,,,,,,,,,,,,,,,,,,,,,,,,,,,,,,,,,,,,,,,,,,,,,,,,,,,,,,,,,,,,,,,,,,,,,,,,,,,,,,,,,,,,,,,,,,,,,,,,,,,,,,,,,,,,,,,,,,,,,,,,,,,,,,,,,,,,,,,,,,,,,,,,,,,,,,,,,,,,,,,,,,,,,,,,,,,,,,,,,,,,,,,,,,,,,,,,,,,,,,,,,,,,,,,,,,,,,,,,,,,,,,,,,,,,,,,,,,,,,,,,,,,,,,,,,,,,,,,,,,,,,,,,,,,,,,,,,,,,,,,,,,,,,,,,,,,,,,,,,,,,,,,,,,,,,,
2026-07-07,42,31,88,17,13339,99,BALANCED,7.25,104,82,PRODUCTIVE_6,50,33.3,27.0,35.1,-8.1,,91.26,1783405270466,1783412440000,26.700000762939453,22.2,56.8,6.12,36.96,1783405240000,1783405270466,1783412440000,91260.0,26.700000762939453,22.2,56.8,6119,36959,INDEX_SCALE,1783405240000,0.0,,,,,,,,,,,,,,,,,,,,,,,,,,,,,,,,,,,,,,,,,,,,,,,,,,,,,,,,,,,,,,,,,,,,,,,,,,,,,,,,,,,,,,,,,,,,,,,,,,,,,,,,,,,,,,,,,,,,,,,,,,,,,,,,,,,,,,,,,,,,,,,,,,,,,,,,,,,,,,,,,,,,,,,,,,,,,,,,,,,,,,,,,,,,,,,,,,,,,,,,,,,,,,,,,,,,,,,,,,,,,,,,,,,,,,,,,,,,,,,,,,,,,,,,,,,,,,,,,,,,,,,,,,,,,,,,,,,,,,,,,,,,,,,,,,,,,,,,,,,,,,,,,,,,,,,,,,,,,,,,,,,,,,,,,,,,,,,,,,,,,,,,,,,,,,,,,,,,,,,,,,,,,,,
2026-07-08,39,26,93,20,5034,117,BALANCED,6.3,102,75,PRODUCTIVE_2,67,0.0,26.4,30.1,-3.8,,,,,,,,,,,,,,,,,,,,,,,,,,,,,,,,,,,,,,,,,,,,,,,,,,,,,,,,,,,,,,,,,,,,,,,,,,,,,,,,,,,,,,,,,,,,,,,,,,,,,,,,,,,,,,,,,,,,,,,,,,,,,,,,,,,,,,,,,,,,,,,,,,,,,,,,,,,,,,,,,,,,,,,,,,,,,,,,,,,,,,,,,,,,,,,,,,,,,,,,,,,,,,,,,,,,,,,,,,,,,,,,,,,,,,,,,,,,,,,,,,,,,,,,,,,,,,,,,,,,,,,,,,,,,,,,,,,,,,,,,,,,,,,,,,,,,,,,,,,,,,,,,,,,,,,,,,,,,,,,,,,,,,,,,,,,,,,,,,,,,,,,,,,,,,,,,,,,,,,,,,,,,,,,,,,,,,,,,,,,,,,,,,,,
2026-07-09,44,30,100,22,4062,96,BALANCED,8.6,71,88,MAINTAINING_4,83,0.0,25.7,25.8,-0.1,,,,,,,,,,,,,,,,,,,,,,,,,,,,,,,,,,,,,,,,,,,,,,,,,,,,,,,,,,,,,,,,,,,,,,,,,,,,,,,,,,,,,,,,,,,,,,,,,,,,,,,,,,,,,,,,,,,,,,,,,,,,,,,,,,,,,,,,,,,,,,,,,,,,,,,,,,,,,,,,,,,,,,,,,,,,,,,,,,,,,,,,,,,,,,,,,,,,,,,,,,,,,,,,,,,,,,,,,,,,,,,,,,,,,,,,,,,,,,,,,,,,,,,,,,,,,,,,,,,,,,,,,,,,,,,,,,,,,,,,,,,,,,,,,,,,,,,,,,,,,,,,,,,,,,,,,,,,,,,,,,,,,,,,,,,,,,,,,,,,,,,,,,,,,,,,,,,,,,,,,,,,,,,,,,,,,,,,,,,,,,,,,,,,
2026-07-10,43,27,100,20,3523,115,BALANCED,7.36,28,84,MAINTAINING_4,84,0.0,25.1,22.1,3.0,,,,,,,,,,,,,,,,,,,,,,,,,,,,,,,,,,,,,,,,,,,,,,,,,,,,,,,,,,,,,,,,,,,,,,,,,,,,,,,,,,,,,,,,,,,,,,,,,,,,,,,,,,,,,,,,,,,,,,,,,,,,,,,,,,,,,,,,,,,,,,,,,,,,,,,,,,,,,,,,,,,,,,,,,,,,,,,,,,,,,,,,,,,,,,,,,,,,,,,,,,,,,,,,,,,,,,,,,,,,,,,,,,,,,,,,,,,,,,,,,,,,,,,,,,,,,,,,,,,,,,,,,,,,,,,,,,,,,,,,,,,,,,,,,,,,,,,,,,,,,,,,,,,,,,,,,,,,,,,,,,,,,,,,,,,,,,,,,,,,,,,,,,,,,,,,,,,,,,,,,,,,,,,,,,,,,,,,,,,,,,,,,,,,
2026-07-11,42,36,100,13,5404,117,BALANCED,7.22,66,86,MAINTAINING_4,85,95.2,26.8,32.6,-5.8,,,,,,,,,,,,,,,,,,,,,,,,,,,,,,,,,,,,,,,,,,,,,,,,,,,,,,,,,,,,,,,,,,,,,,,,,,,,,,,,,,,,,,,,,,,,,,,,,,,,,,,,,,,,,,,,,,,,,,,,,,,,,,,,,,,,,,,,,,,,,,,,,,,,,,,,,,,,,,,,,,,,,,,,,,,,,,,,,,,,,,,,,,,,,,,,,,,,,,,,,,,,,,,,,,,,,,,,,,,,,,,,,,,,,,,,,,,,,,,,,,,,,,,,,,,,,,,,,,,,,,,,,,,,,,,,,,,,,,,,,,,,,,,,,,,,,,,,,,,,,,,,,,,,,,,,,,,,,,,,,,,,,,,,,,,,,,,,,,,,,,,,,,,,,,,,,,,,,,,,,,,,,,,,,,,,,,,,,,,,,,,,,,,,
2026-07-12,45,39,69,5,14386,84,BALANCED,6.68,74,76,MAINTAINING_4,43,64.2,27.7,37.1,-9.4,49.6,,,,,,,,,,,,,,,,,,,,,,,,,,,,,,,,,,,,,,,,,,,,,,,,,,,,,,,,,,,,,,,,,,,,,,,,,,,,,,,,,,,,,,,,,,,,,,,,,,,,,,,,,,,,,,,,,,,,,,,,,,,,,,,,,,,,,,,,,,,,,,,,,,,,,,,,,,,,,,,,,,,,,,,,,,,,,,,,,,,,,,,,,,,,,,,,,,,,,,,,,,,,,,,,,,,,,,,,,,,,,,,,,,,,,,,,,,,,,,,,,,,,,,,,,,,,,,,,,,,,,,,,,,,,,,,,,,,,,,,,,,,,,,,,,,,,,,,,,,,,,,,,,,,,,,,,,,,,,,,,,,,,,,,,,,,,,,,,,,,,,,,,,,,,,,,,,,,,,,,,,,,,,,,,,,,,,,,,,,,,,,,,,,,
2026-07-13,47,53,39,5,4638,70,BALANCED,4.87,68,49,MAINTAINING_4,29,141.5,30.4,52.0,-21.6,,,,,,,,,,,,,,,,,,,,,,,,,,,,,,,,,,,,,,,,,,,,,,,,,,,,,,,,,,,,,,,,,,,,,,,,,,,,,,,,,,,,,,,,,,,,,,,,,,,,,,,,,,,,,,,,,,,,,,,,,,,,,,,,,,,,,,,,,,,,,,,,,,,,,,,,,,,,,,,,,,,,,,,,,,,,,,,,,,,,,,,,,,,,,,,,,,,,,,,,,,,,,,,,,,,,,,,,,,,,,,,,,,,,,,,,,,,,,,,,,,,,,,,,,,,,,,,,,,,,,,,,,,,,,,,,,,,,,,,,,,,,,,,,,,,,,,,,,,,,,,,,,,,,,,,,,,,,,,,,,,,,,,,,,,,,,,,,,,,,,,,,,,,,,,,,,,,,,,,,,,,,,,,,,,,,,,,,,,,,,,,,,,,,
2026-07-14,45,26,77,5,5865,90,BALANCED,7.22,77,84,MAINTAINING_4,60,0.0,29.7,44.6,-14.9,,90.76,1784022211800,1784029382000,26.5,22.7,56.4,6.02,36.84,1784022182000,1784022211800,1784029382000,90760.0,26.5,22.7,56.4,6019,36840,INDEX_SCALE,1784022182000,-500.0,,,,,,,,,,,,,,,,,,,,,,,,,,,,,,,,,,,,,,,,,,,,,,,,,,,,,,,,,,,,,,,,,,,,,,,,,,,,,,,,,,,,,,,,,,,,,,,,,,,,,,,,,,,,,,,,,,,,,,,,,,,,,,,,,,,,,,,,,,,,,,,,,,,,,,,,,,,,,,,,,,,,,,,,,,,,,,,,,,,,,,,,,,,,,,,,,,,,,,,,,,,,,,,,,,,,,,,,,,,,,,,,,,,,,,,,,,,,,,,,,,,,,,,,,,,,,,,,,,,,,,,,,,,,,,,,,,,,,,,,,,,,,,,,,,,,,,,,,,,,,,,,,,,,,,,,,,,,,,,,,,,,,,,,,,,,,,,,,,,,,,,,,,,,,,,,,,,,,,,,,,,,,,,
2026-07-15,45,30,84,15,4269,95,BALANCED,6.15,58,59,MAINTAINING_4,52,0.0,29.0,38.2,-9.2,,,,,,,,,,,,,,,,,,,,,,,,,,,,,,,,,,,,,,,,,,,,,,,,,,,,,,,,,,,,,,,,,,,,,,,,,,,,,,,,,,,,,,,,,,,,,,,,,,,,,,,,,,,,,,,,,,,,,,,,,,,,,,,,,,,,,,,,,,,,,,,,,,,,,,,,,,,,,,,,,,,,,,,,,,,,,,,,,,,,,,,,,,,,,,,,,,,,,,,,,,,,,,,,,,,,,,,,,,,,,,,,,,,,,,,,,,,,,,,,,,,,,,,,,,,,,,,,,,,,,,,,,,,,,,,,,,,,,,,,,,,,,,,,,,,,,,,,,,,,,,,,,,,,,,,,,,,,,,,,,,,,,,,,,,,,,,,,,,,,,,,,,,,,,,,,,,,,,,,,,,,,,,,,,,,,,,,,,,,,,,,,,,,,
2026-07-16,45,44,80,5,6712,102,BALANCED,4.78,33,57,MAINTAINING_4,35,0.0,28.3,32.7,-4.5,,,,,,,,,,,,,,,,,,,,,,,,,,,,,,,,,,,,,,,,,,,,,,,,,,,,,,,,,,,,,,,,,,,,,,,,,,,,,,,,,,,,,,,,,,,,,,,,,,,,,,,,,,,,,,,,,,,,,,,,,,,,,,,,,,,,,,,,,,,,,,,,,,,,,,,,,,,,,,,,,,,,,,,,,,,,,,,,,,,,,,,,,,,,,,,,,,,,,,,,,,,,,,,,,,,,,,,,,,,,,,,,,,,,,,,,,,,,,,,,,,,,,,,,,,,,,,,,,,,,,,,,,,,,,,,,,,,,,,,,,,,,,,,,,,,,,,,,,,,,,,,,,,,,,,,,,,,,,,,,,,,,,,,,,,,,,,,,,,,,,,,,,,,,,,,,,,,,,,,,,,,,,,,,,,,,,,,,,,,,,,,,,,,,
2026-07-17,44,38,78,5,23446,101,BALANCED,7.32,144,81,MAINTAINING_4,50,29.4,28.3,32.3,-4.0,49.5,,,,,,,,,,,,,,,,,,,,,,,,,,,,,,,,,,,,,,,,,,,,,,,,,,,,,,,,,,,,,,,,,,,,,,,,,,,,,,,,,,,,,,,,,,,,,,,,,,,,,,,,,,,,,,,,,,,,,,,,,,,,,,,,,,,,,,,,,,,,,,,,,,,,,,,,,,,,,,,,,,,,,,,,,,,,,,,,,,,,,,,,,,,,,,,,,,,,,,,,,,,,,,,,,,,,,,,,,,,,,,,,,,,,,,,,,,,,,,,,,,,,,,,,,,,,,,,,,,,,,,,,,,,,,,,,,,,,,,,,,,,,,,,,,,,,,,,,,,,,,,,,,,,,,,,,,,,,,,,,,,,,,,,,,,,,,,,,,,,,,,,,,,,,,,,,,,,,,,,,,,,,,,,,,,,,,,,,,,,,,,,,,,,
2026-07-18,43,30,96,10,10455,102,BALANCED,8.1,88,96,MAINTAINING_4,80,0.0,27.6,27.7,-0.0,,,,,,,,,,,,,,,,,,,,,,,,,,,,,,,,,,,,,,,,,,,,,,,,,,,,,,,,,,,,,,,,,,,,,,,,,,,,,,,,,,,,,,,,,,,,,,,,,,,,,,,,,,,,,,,,,,,,,,,,,,,,,,,,,,,,,,,,,,,,,,,,,,,,,,,,,,,,,,,,,,,,,,,,,,,,,,,,,,,,,,,,,,,,,,,,,,,,,,,,,,,,,,,,,,,,,,,,,,,,,,,,,,,,,,,,,,,,,,,,,,,,,,,,,,,,,,,,,,,,,,,,,,,,,,,,,,,,,,,,,,,,,,,,,,,,,,,,,,,,,,,,,,,,,,,,,,,,,,,,,,,,,,,,,,,,,,,,,,,,,,,,,,,,,,,,,,,,,,,,,,,,,,,,,,,,,,,,,,,,,,,,,,,,
2026-07-19,42,30,91,16,12015,103,BALANCED,6.52,74,79,RECOVERY_2,85,0.0,27.0,23.7,3.3,,,,,,,,,,,,,,,,,,,,,,,,,,,,,,,,,,,,,,,,,,,,,,,,,,,,,,,,,,,,,,,,,,,,,,,,,,,,,,,,,,,,,,,,,,,,,,,,,,,,,,,,,,,,,,,,,,,,,,,,,,,,,,,,,,,,,,,,,,,,,,,,,,,,,,,,,,,,,,,,,,,,,,,,,,,,,,,,,,,,,,,,,,,,,,,,,,,,,,,,,,,,,,,,,,,,,,,,,,,,,,,,,,,,,,,,,,,,,,,,,,,,,,,,,,,,,,,,,,,,,,,,,,,,,,,,,,,,,,,,,,,,,,,,,,,,,,,,,,,,,,,,,,,,,,,,,,,,,,,,,,,,,,,,,,,,,,,,,,,,,,,,,,,,,,,,,,,,,,,,,,,,,,,,,,,,,,,,,,,,,,,,,,,,
2026-07-20,39,26,88,14,6768,91,BALANCED,5.6,110,69,RECOVERY_2,79,0.0,26.3,20.3,6.0,,,,,,,,,,,,,,,,,,,,,,,,,,,,,,,,,,,,,,,,,,,,,,,,,,,,,,,,,,,,,,,,,,,,,,,,,,,,,,,,,,,,,,,,,,,,,,,,,,,,,,,,,,,,,,,,,,,,,,,,,,,,,,,,,,,,,,,,,,,,,,,,,,,,,,,,,,,,,,,,,,,,,,,,,,,,,,,,,,,,,,,,,,,,,,,,,,,,,,,,,,,,,,,,,,,,,,,,,,,,,,,,,,,,,,,,,,,,,,,,,,,,,,,,,,,,,,,,,,,,,,,,,,,,,,,,,,,,,,,,,,,,,,,,,,,,,,,,,,,,,,,,,,,,,,,,,,,,,,,,,,,,,,,,,,,,,,,,,,,,,,,,,,,,,,,,,,,,,,,,,,,,,,,,,,,,,,,,,,,,,,,,,,,,
2026-07-21,,,,,,73,BALANCED,7.9,,61,RECOVERY_2,71,0.0,25.7,17.4,8.3,,,,,,,,,,,,,,,,,,,,,,1812.0,61.0,1751.0,1812.0,2709,2280,2280,61.0,61.0,2,private,8890,2026-07-20T22:00:00.0,2026-07-21T00:00:00.0,2026-07-21T16:00:00.0,2026-07-22T00:00:00.0,64800000,82,1231,29107,34380,1,0,0,0,0,0,53.754,50.363,17.63583,16.52329,150,10,45,94,47,44,26,84,20280,39240,3480,1800,64800,15420,4440,420,31.3,60.56,5.37,2.78,23.8,6.85,0.65,BALANCED,28980,34020,47,89,54,26,69,15,43,54,69,3.0,91.0,82,97,2026-07-21T16:00:00.0,2026-07-21T18:00:00.0,1392.0,2026-07-21T13:37:36,MODERATE,SLEEP_PREPARATION_RECOVERING_AND_INACTIVE,SLEEP_PREPARATION_RECOVERING_AND_INACTIVE,2026-07-21T15:30:17,MODERATE,SLEEP_TIME_PASSED_RECOVERING_AND_INACTIVE,SLEEP,2026-07-20T22:18:06,28800000,34380000,54,NONE,NONE,3611064555,2026-07-21T08:09:04,RECOVERY,2026-07-21T13:05:59,28800000,2340000,0,RECOVERY_BODY_BATTERY_NOT_INCREASE,RESTFUL_PERIOD,3611064555,2026-07-21T13:49:05,13.0,20.0,6.0,16.0,2026-07-21T16:00:00.0,200,28440,0,1,1784585886000,1784620266000,1784593086000,1784627466000,0,3120,19380,5940,5940,1,0,1,91.0,82,99,52.0,14.0,8.0,19.0,4,20.0,ADULT,52.0,NEGATIVE_LONG_BUT_POOR_QUALITY,NEGATIVE_ACCLIMATIZATION_IN_PROGRESS,ALTITUDE_NEG_FAIR_SLEEP,EXCELLENT,28800.0,28800.0,FAIR,0.0,15.0,POOR,0.0,1.0,61,FAIR,21,GOOD,21.0,31.0,5972.4,8816.4,POOR,0.0,5.0,68,FAIR,30.0,64.0,8532.0,18201.6,11,FAIR,16.0,33.0,4550.4,9385.2,2,3611064555,2026-07-20T07:11:14,480,460,DECREASED,NO_CHANGE,INCREASING,NO_CHANGE,DECREASING,1,1370,1390,1,3611064555,2026-07-21T08:09:05,480,480,NO_CHANGE_NO_ADJUSTMENTS,NO_CHANGE,NO_CHANGE,NO_CHANGE,NO_CHANGE,0,1370,1390,1,NONE,135722326,3611064555,1,480,-110,370,BEHIND,130,305,3611064555,2026-07-20T22:19:00.0,2026-07-21T04:00:00.0,91.0,52.0,82,38,73.0,54,47,52,323,99,99,95,73,106,75,84,133,0.36224365,BALANCED,HRV_BALANCED_3,2026-07-21T09:07:12.600,5,3611064555,RUNNING,GENERIC,RUNNING,2,RECOVERY_2,0,8,LOW,FEEDBACK_1,68,345.0,184.0,230,0.2,1,135722326,49.5,49.0,0,50.0,50.0,1,0,0,12,15,DEACCLIMATIZING,0,0,0,0,2026-07-21T10:09:05.0,3611064555,MODERATE,MOD_RT_LOW_SS_MOD,GOOD_SLEEP_HISTORY,71,61,41,MODERATE,1,99,GOOD,100,VERY_GOOD,68,90,GOOD,100,VERY_GOOD,95,58,MODERATE,1,AFTER_WAKEUP_RESET,1,NO_CHANGE_SLEEP,30,25.753202767944494,22.714230001974546,25.753202767944494,22.8,15.1,7.7,23.723383811354875,1,0,2.5,3,27.55720492009757,2,0,6,43,0,149.6,0,6,2026-07-21T00:00:00.0,1,71,MODERATE,GOOD_SLEEP_HISTORY,61,58,100,95,90,68,100,5,95,84,133,0.36224365,,,,,,,,,,,,,,,,,,,,,,,,,,,,,,,,,,,,,,,,,,,,
2026-07-22,,,,,,,BALANCED,,,,RECOVERY_2,66,48.0,26.2,21.8,4.4,,,,,,,,,,,,,,,,,,,,,,3383.0,1243.0,2341.0,3383.0,8464,10573,10573,1243.0,1243.0,2,private,7500,2026-07-21T16:00:00.0,2026-07-22T00:00:00.0,2026-07-22T14:00:00.0,2026-07-23T00:00:00.0,86400000,3705,2945,67810,4740,1,1,0,0,9,53,105.247,49.926,34.52986,16.37992,150,10,45,151,78,44,35,92,26460,19500,24420,8820,79200,15960,8820,1680,33.41,24.62,30.83,11.14,20.15,11.14,2.12,BALANCED_AWAKE,70380,0,46,151,4,42,47,5,5,,,3.0,93.0,86,88,2026-07-21T21:59:00.0,2026-07-22T05:59:00.0,258.0,2026-07-22T12:48:37,LOW,SLEEP_PREPARATION_BALANCED_AND_EXERCISE,SLEEP_PREPARATION_BALANCED_AND_EXERCISE_AND_BB_LOW,2026-07-22T13:39:12,MODERATE,SLEEP_TIME_PASSED_BALANCED_AND_EXERCISE,NAP,2026-07-21T15:35:04,28800000,4740000,4,NAP_RECOVERING_BODY_BATTERY_INCREASE,RESTFUL_NAP,3611064555,2026-07-21T16:55:24,ACTIVITY,2026-07-22T08:15:07,36000000,2640000,-5,EXERCISE_TRAINING_EFFECT_2,MAINTAINING_AEROBIC_BASE,3611064555,2026-07-22T08:59:20,12.0,20.0,7.0,12.0,2026-07-22T11:10:00.0,200,,4740,,,,,,,,,,,0,0,,,,,,,,,,,,,,,,,,,,,,,,,,,,,,,,,,,,,,,,,,,,,,,,,3611064555,2026-07-21T08:09:05,480,480,NO_CHANGE_NO_ADJUSTMENTS,NO_CHANGE,NO_CHANGE,NO_CHANGE,NO_CHANGE,0,1370,1390,1,3611064555,2026-07-22T08:59:23,480,480,NO_CHANGE_NO_ADJUSTMENTS,NO_CHANGE,NO_DATA,NO_DATA,NO_CHANGE,1,1370,1390,1,,135722326,3611064555,1,480,,,JET_LAG_AUTODETECTED,,,,,,,,,,,,,,,,,95,,,76,85,133,0.3541565,BALANCED,HRV_BALANCED_5,2026-07-21T19:32:54.755,5,3611064555,RUNNING,GENERIC,RUNNING,2,RECOVERY_2,0,20,LOW,FEEDBACK_1,118,351.0,187.20000000000002,234,0.5,1,135722326,49.5,49.0,0,50.0,50.0,1,900,0,12,12,ACCLIMATIZED,81,0,0,0,2026-07-22T18:59:23.0,3611064555,MODERATE,MOD_RT_LOW_SS_UNKNOWN,GOOD_SLEEP_HISTORY,66,,0,NONE,1067,71,GOOD,100,VERY_GOOD,118,90,GOOD,99,GOOD,95,45,MODERATE,0,AFTER_POST_EXERCISE_RESET,1,REACHED_ZERO,30,25.753202767944494,22.714230001974546,25.753202767944494,22.8,15.1,7.7,23.723383811354875,1,0,2.6,3,27.55720492009757,2,0,6,43,0,164.5,0,6,2026-07-22T00:00:00.0,,66,MODERATE,GOOD_SLEEP_HISTORY,,45,99,95,90,118,100,5,95,85,133,0.3541565,71.0,Pool Swim,lap_swimming,23687688599,3611064555,4740,2026-07-21T15:35:04,2026-07-21T16:54:04,LATE_TIMING_LONG_DURATION_LOW_NEED,0,480,480,ACCLIMATIZING,1067,,,,,,,,,,,,,,,,,,,,,,,,,,,,,,
2026-07-23,,,,,,,BALANCED,,,,MAINTAINING_2,50,77.6,27.5,29.8,-2.3,49.7,,,,,,,,,,,,,,,,,,,,,3483.0,1148.0,2335.0,3483.0,14099,15357,14724,1148.0,1148.0,2,private,6030,2026-07-22T14:00:00.0,2026-07-23T00:00:00.0,2026-07-23T14:00:00.0,2026-07-24T00:00:00.0,86400000,4772,2599,77497,1532,1,1,0,0,8,82,190.481,244.355,62.49377,80.16896,150,10,47,151,48,44,52,93,32280,4260,32760,9660,78960,13620,12660,6000,40.88,5.4,41.49,12.23,17.25,16.03,7.6,STRESSFUL_AWAKE,69300,0,50,150,0,72,77,5,5,,,3.0,97.0,90,96,2026-07-23T13:54:00.0,2026-07-23T23:54:00.0,135.0,2026-07-23T11:36:38,LOW,SLEEP_PREPARATION_STRESSFUL_AND_INTENSIVE_EXERCISE,SLEEP_PREPARATION_STRESSFUL_AND_INTENSIVE_EXERCISE_AND_BB_LOW,2026-07-23T13:28:44,VERY_LOW,SLEEP_TIME_PASSED_STRESSFUL_AND_INTENSIVE_EXERCISE,ACTIVITY,2026-07-22T21:00:50,36000000,3720000,-16,EXERCISE_TRAINING_EFFECT_3,IMPROVING_AEROBIC_BASE,3611064555,2026-07-22T22:03:58,ACTIVITY,2026-07-23T08:40:00,36000000,1500000,-3,EXERCISE_TRAINING_EFFECT_2,EASY_AEROBIC,3611064555,2026-07-23T09:05:28,14.0,37.0,6.0,17.0,2026-07-23T14:00:00.0,200,,,,,,,,,,,,,0,0,,,,,,,,,,,,,,,,,,,,,,,,,,,,,,,,,,,,,,,,,,,,,,,,,3611064555,2026-07-22T08:59:23,480,480,NO_CHANGE_NO_ADJUSTMENTS,NO_CHANGE,NO_DATA,NO_DATA,NO_CHANGE,1,1370,1390,1,3611064555,2026-07-23T09:05:32,480,480,NO_CHANGE_NO_ADJUSTMENTS,NO_CHANGE,NO_DATA,NO_DATA,NO_CHANGE,0,1370,1390,1,,135722326,3611064555,1,480,,,JET_LAG_AUTODETECTED,,,,,,,,,,,,,,,,,93,,,76,85,133,0.33332825,BALANCED,HRV_BALANCED_6,2026-07-22T22:08:07.758,4,3611064555,RUNNING,GENERIC,RUNNING,2,MAINTAINING_2,0,38,OPTIMAL,FEEDBACK_2,234,376.5,200.8,251,0.9,1,135722326,49.7,50.0,0,50.0,50.0,1,900,900,9,12,DEACCLIMATIZING,248,81,0,0,2026-07-23T19:05:32.0,3611064555,MODERATE,MOD_RT_MOD_SS_UNKNOWN,RECOVERY_IN_PROGRESS,50,,0,NONE,1164,69,MODERATE,94,GOOD,234,90,GOOD,95,GOOD,93,41,MODERATE,0,AFTER_POST_EXERCISE_RESET,1,NEW_EXERCISE,30,25.753202767944494,22.714230001974546,25.753202767944494,22.8,15.1,7.7,23.723383811354875,1,0,2.6,3,27.55720492009757,2,0,6,43,0,165.5,0,6,2026-07-23T00:00:00.0,,50,MODERATE,RECOVERY_IN_PROGRESS,,41,95,93,90,234,94,4,93,85,133,0.33332825,141.0,Pool Swim,lap_swimming,23700322406,,,,,,,,,ACCLIMATIZED,1164,Torquay Running,running,23696422720,135722326,49.7,50.0,0,900,900,9,12,DEACCLIMATIZING,ACCLIMATIZED,248,81,0,0,,,,,,,,,,,,,
2026-07-24,,,,,,65,BALANCED,6.5,,73,MAINTAINING_2,59,51.2,28.0,32.8,-4.8,,,,,,,,,,,,,,,,,,,,,,3265.0,930.0,2335.0,3265.0,8717,10448,8066,930.0,930.0,2,private,7640,2026-07-23T14:00:00.0,2026-07-24T00:00:00.0,2026-07-24T14:00:00.0,2026-07-25T00:00:00.0,86400000,1664,3144,55421,26171,1,1,0,0,19,59,117.29,37.142,38.48097,12.1857,150,10,45,136,48,45,41,99,45660,21480,12060,7200,86400,25860,12960,6840,52.85,24.86,13.96,8.33,29.93,15.0,7.92,STRESSFUL,56580,22620,46,133,40,40,45,5,5,39,44,3.0,92.0,86,95,2026-07-24T14:00:00.0,2026-07-25T00:00:00.0,252.0,2026-07-24T12:54:37,VERY_LOW,SLEEP_PREPARATION_STRESSFUL_AND_EXERCISE,SLEEP_PREPARATION_STRESSFUL_AND_EXERCISE_AND_BB_LOW,2026-07-24T13:17:44,VERY_LOW,SLEEP_TIME_PASSED_STRESSFUL_AND_EXERCISE,SLEEP,2026-07-23T13:34:28,36000000,24180000,40,NONE,NONE,3611064555,2026-07-23T20:41:27,ACTIVITY,2026-07-24T08:50:02,36000000,2460000,-3,EXERCISE_TRAINING_EFFECT_2,MAINTAINING_AEROBIC_BASE,3611064555,2026-07-24T09:31:17,13.0,20.0,6.0,13.0,2026-07-24T14:00:00.0,200,23400,0,1,1784813668000,1784837848000,1784849668000,1784873848000,0,5160,14820,3420,780,1,0,1,92.0,86,99,55.0,14.0,8.0,18.0,1,23.0,ADULT,55.0,POSITIVE_DEEP,POSITIVE_EXERCISE,GENERAL_POS_FAIR_OR_POOR_SLEEP,FAIR,28800.0,28800.0,FAIR,0.0,15.0,GOOD,0.0,1.0,73,FAIR,15,FAIR,21.0,31.0,4914.0,7254.0,GOOD,0.0,5.0,63,GOOD,30.0,64.0,7020.0,14976.0,22,EXCELLENT,16.0,33.0,3744.0,7722.0,2,3611064555,2026-07-23T09:05:32,480,480,NO_CHANGE_NO_ADJUSTMENTS,NO_CHANGE,NO_DATA,NO_DATA,NO_CHANGE,0,1370,1390,1,3611064555,2026-07-24T09:31:19,480,480,NO_CHANGE_NO_ADJUSTMENTS,NO_CHANGE,NO_CHANGE,NO_CHANGE,NO_CHANGE,0,1370,1390,1,NONE,135722326,3611064555,1,480,,,JET_LAG_AUTODETECTED,,,3611064555,2026-07-23T13:37:00.0,2026-07-23T19:59:00.0,92.0,55.0,86,27,65.0,40,48,86,247,57,13,85,65,123,76,85,133,0.25,BALANCED,HRV_BALANCED_3,2026-07-23T20:41:54.944,4,3611064555,RUNNING,GENERIC,RUNNING,2,MAINTAINING_2,0,42,OPTIMAL,FEEDBACK_2,248,370.5,197.60000000000002,247,1.0,1,135722326,49.7,50.0,0,50.0,50.0,1,900,900,6,9,DEACCLIMATIZING,117,248,0,0,2026-07-24T19:31:18.0,3611064555,MODERATE,MOD_RT_LOW_SS_MOD,GOOD_SLEEP_HISTORY,59,73,59,MODERATE,758,80,GOOD,91,GOOD,248,0,NONE,70,GOOD,85,0,NONE,1,AFTER_POST_EXERCISE_RESET,1,REACHED_ZERO,30,25.753202767944494,22.714230001974546,25.753202767944494,22.8,15.1,7.7,23.723383811354875,1,0,2.8,3,27.55720492009757,2,0,6,43,0,175.3,0,6,2026-07-24T00:00:00.0,,59,MODERATE,GOOD_SLEEP_HISTORY,73,0,70,85,0,248,91,4,85,85,133,0.25,136.0,Pool Swim,lap_swimming,23712708008,,,,,,,,,ACCLIMATIZED,758,,,,,,,,,,,,,,,,,,,,,,,,,,,,,,
2026-07-25,,,,,,75,UNBALANCED,8.7,,83,PRODUCTIVE_5,50,36.1,28.2,33.3,-5.1,50.5,,,,,,,,,,,,,,,,,,,,,4159.0,1824.0,2335.0,4159.0,21710,20091,20091,1824.0,1824.0,2,private,7860,2026-07-24T14:00:00.0,2026-07-25T00:00:00.0,2026-07-25T14:00:00.0,2026-07-26T00:00:00.0,86400000,2776,8827,40899,33898,1,1,0,0,5,35,532.7350000000001,351.3790000000001,174.78182,115.28182,150,10,44,164,46,45,33,96,32160,31860,13500,8820,86340,19980,6060,6120,37.25,36.9,15.64,10.22,23.14,7.02,7.09,BALANCED,49140,28380,45,160,72,48,66,5,29,60,65,3.0,96.0,91,97,2026-07-25T14:00:00.0,2026-07-26T00:00:00.0,86.0,2026-07-25T13:24:41,HIGH,SLEEP_PREPARATION_STRESSFUL_AND_INTENSIVE_EXERCISE,SLEEP_PREPARATION_STRESSFUL_AND_INTENSIVE_EXERCISE,2026-07-25T13:30:22,HIGH,SLEEP_TIME_PASSED_STRESSFUL_AND_INTENSIVE_EXERCISE,SLEEP,2026-07-24T13:01:17,36000000,31920000,60,NONE,NONE,3611064555,2026-07-24T22:06:30,ACTIVITY,2026-07-24T22:25:15,36000000,2040000,-8,EXERCISE_TRAINING_EFFECT_3,IMPROVING_AEROBIC,3611064555,2026-07-24T23:00:19,14.0,38.0,6.0,15.0,2026-07-25T14:00:00.0,200,31320,0,1,1784898077000,1784929997000,1784934077000,1784965997000,0,5640,19380,6300,600,1,0,1,96.0,91,100,55.0,14.0,9.0,19.0,1,21.0,ADULT,54.0,POSITIVE_LONG_AND_DEEP,NONE,MOD_EXERCISE_POS_EXCELLENT_OR_GOOD_SLEEP_MODERATE_DURING_DAY,EXCELLENT,28800.0,28800.0,FAIR,0.0,15.0,EXCELLENT,0.0,1.0,83,GOOD,20,FAIR,21.0,31.0,6577.2,9709.2,GOOD,0.0,5.0,62,GOOD,30.0,64.0,9396.0,20044.8,18,EXCELLENT,16.0,33.0,5011.2,10335.6,2,3611064555,2026-07-24T09:31:19,480,480,NO_CHANGE_NO_ADJUSTMENTS,NO_CHANGE,NO_CHANGE,NO_CHANGE,NO_CHANGE,0,1370,1390,1,3611064555,2026-07-24T23:00:21,480,480,NO_CHANGE_NO_ADJUSTMENTS,NO_CHANGE,NO_CHANGE,NO_CHANGE,NO_CHANGE,0,1370,1390,1,NONE,135722326,3611064555,1,480,,,JET_LAG_AUTODETECTED,,,3611064555,2026-07-24T13:02:00.0,2026-07-24T20:00:00.0,96.0,55.0,91,67,75.0,60,46,94,323,105,10,80,75,120,77,86,133,0.1776886,UNBALANCED,HRV_UNBALANCED_12,2026-07-24T22:07:00.685,7,3611064555,RUNNING,GENERIC,RUNNING,3,PRODUCTIVE_5,0,52,OPTIMAL,FEEDBACK_2,319,382.5,204.0,255,1.2,1,135722326,50.5,51.0,0,50.0,50.0,1,900,900,4,6,DEACCLIMATIZING,51,117,0,0,2026-07-25T16:05:11.0,3611064555,MODERATE,MOD_HRV_UNBALANCED,LISTEN_TO_YOUR_BODY,50,83,76,GOOD,856,77,GOOD,80,GOOD,319,58,MODERATE,52,MODERATE,80,59,MODERATE,1,UPDATE_REALTIME_VARIABLES,1,,30,25.753202767944494,22.714230001974546,25.753202767944494,22.8,15.1,7.7,23.723383811354875,1,0,2.8,3,27.55720492009757,2,0,6,43,0,175.3,0,6,2026-07-25T00:00:00.0,,50,MODERATE,LISTEN_TO_YOUR_BODY,83,59,52,80,58,319,80,7,80,86,133,0.1776886,127.0,Torquay Running,running,23720434668,,,,,,,,,ACCLIMATIZED,856,,,,135722326,50.5,51.0,0,900,900,4,6,DEACCLIMATIZING,ACCLIMATIZED,51,117,0,0,,,,,,,,,,,,,
2026-07-26,,,,,,95,UNBALANCED,7.03,,85,PRODUCTIVE_5,53,43.4,28.6,34.7,-6.2,,,,,,,,,,,,,,,,,,,,,,3054.0,719.0,2335.0,3054.0,13758,13662,11637,719.0,719.0,2,private,9860,2026-07-25T14:00:00.0,2026-07-26T00:00:00.0,2026-07-26T14:00:00.0,2026-07-27T00:00:00.0,86400000,758,6420,49668,29554,1,1,0,0,9,35,216.871,114.171,71.1519,37.45768,150,10,41,140,45,46,32,97,33480,30420,14400,8040,86340,18660,12120,2700,38.78,35.23,16.68,9.31,21.61,14.04,3.13,BALANCED,58500,19800,43,138,76,70,90,20,35,72,90,3.0,96.0,89,92,2026-07-26T14:00:00.0,2026-07-27T00:00:00.0,163.0,2026-07-26T10:05:00,MODERATE,SLEEP_PREPARATION_STRESSFUL_AND_EXERCISE,SLEEP_PREPARATION_STRESSFUL_AND_EXERCISE,2026-07-26T12:34:46,HIGH,SLEEP_TIME_PASSED_STRESSFUL_AND_EXERCISE,SLEEP,2026-07-25T12:28:19,36000000,25380000,72,NONE,NONE,3611064555,2026-07-25T19:32:05,ACTIVITY,2026-07-25T21:04:25,36000000,2880000,-10,EXERCISE_TRAINING_EFFECT_2,MAINTAINING_AEROBIC_BASE,3611064555,2026-07-25T21:52:31,13.0,20.0,7.0,17.0,2026-07-26T14:00:00.0,200,25306,0,1,1784982499000,1785007925000,1785018499000,1785043925000,0,5940,13980,5400,120,1,0,1,97.0,90,100,48.0,14.0,9.0,18.0,0,13.0,ADULT,48.0,POSITIVE_DEEP,NONE,MOD_EXERCISE_POS_EXCELLENT_OR_GOOD_SLEEP_VIGOROUS_DURING_DAY_OUTDOOR,FAIR,28800.0,28800.0,GOOD,0.0,15.0,EXCELLENT,0.0,1.0,85,GOOD,21,GOOD,21.0,31.0,5314.26,7844.86,EXCELLENT,0.0,5.0,55,EXCELLENT,30.0,64.0,7591.8,16195.84,23,EXCELLENT,16.0,33.0,4048.96,8350.98,2,3611064555,2026-07-24T23:00:21,480,480,NO_CHANGE_NO_ADJUSTMENTS,NO_CHANGE,NO_CHANGE,NO_CHANGE,NO_CHANGE,0,1370,1390,1,3611064555,2026-07-25T21:52:33,480,500,INCREASED,NO_CHANGE,NO_CHANGE,INCREASING,NO_CHANGE,1,1350,1390,1,NONE,135722326,3611064555,1,480,,,JET_LAG_AUTODETECTED,,,3611064555,2026-07-25T12:29:00.0,2026-07-25T19:32:00.0,97.0,48.0,90,41,95.0,72,45,99,233,90,2,79,95,153,77,86,132,0.14958191,UNBALANCED,HRV_UNBALANCED_10,2026-07-25T19:32:25.488,7,3611064555,RUNNING,GENERIC,RUNNING,3,PRODUCTIVE_5,0,57,OPTIMAL,FEEDBACK_3,333,382.5,204.0,255,1.3,1,135722326,50.5,51.0,0,50.0,50.0,1,850,900,2,4,DEACCLIMATIZING,153,51,0,0,2026-07-26T07:52:33.0,3611064555,MODERATE,MOD_HRV_UNBALANCED,LISTEN_TO_YOUR_BODY,53,85,80,GOOD,816,78,GOOD,78,GOOD,333,60,MODERATE,45,MODERATE,79,69,MODERATE,1,AFTER_POST_EXERCISE_RESET,1,REACHED_ZERO,30,25.753202767944494,22.714230001974546,25.753202767944494,22.8,15.1,7.7,23.723383811354875,1,0,2.6,3,27.55720492009757,2,0,6,43,0,171.3,0,6,2026-07-26T00:00:00.0,,53,MODERATE,LISTEN_TO_YOUR_BODY,85,69,45,79,60,333,78,7,79,86,132,0.14958191,77.0,Pool Swim,lap_swimming,23732144930,,,,,,,,,DEACCLIMATIZING,816,,,,,,,,,,,,,,,,,,,,,,,,,,,,,,
2026-07-27,,,,,,79,LOW,8.75,,86,PRODUCTIVE_4,63,16.6,28.3,32.1,-3.9,,,,,,,,,,,,,,,,,,,,,,2685.0,350.0,2335.0,2685.0,6285,25881,5881,350.0,350.0,2,private,10640,2026-07-26T14:00:00.0,2026-07-27T00:00:00.0,2026-07-27T14:00:00.0,2026-07-28T00:00:00.0,86400000,1550,1279,54801,28770,1,1,0,0,44,1,67.209,17.932,22.0502,5.8832,150,10,42,128,44,46,23,84,18540,46140,6420,7440,78540,13680,4440,420,23.61,58.75,8.17,9.47,17.42,5.65,0.53,BALANCED,49140,21960,43,126,66,50,85,35,51,65,85,3.0,94.0,87,92,2026-07-27T14:00:00.0,2026-07-28T00:00:00.0,184.0,2026-07-27T10:05:00,HIGH,SLEEP_PREPARATION_RECOVERING_AND_EXERCISE,SLEEP_PREPARATION_RECOVERING_AND_EXERCISE,2026-07-27T13:10:45,HIGH,SLEEP_TIME_PASSED_RECOVERING_AND_EXERCISE,SLEEP,2026-07-26T11:19:31,36000000,31860000,65,NONE,NONE,3611064555,2026-07-26T20:15:52,ACTIVITY,2026-07-26T21:02:45,36000000,2460000,-5,EXERCISE_TRAINING_EFFECT_BELOW_2,EASY_RECOVERY,3611064555,2026-07-26T21:44:09,12.0,23.0,7.0,15.0,2026-07-27T14:00:00.0,200,31500,0,1,1785064771000,1785096631000,1785100771000,1785132631000,0,5460,20880,5160,360,1,0,1,95.0,87,100,51.0,15.0,8.0,19.0,0,18.0,ADULT,51.0,POSITIVE_LONG_AND_CONTINUOUS,POSITIVE_EXERCISE,MOD_EXERCISE_POS_EXCELLENT_OR_GOOD_SLEEP_MODERATE_DURING_DAY,EXCELLENT,28800.0,28800.0,FAIR,0.0,15.0,EXCELLENT,0.0,1.0,86,GOOD,16,FAIR,21.0,31.0,6615.0,9765.0,EXCELLENT,0.0,5.0,66,FAIR,30.0,64.0,9450.0,20160.0,17,GOOD,16.0,33.0,5040.0,10395.0,2,3611064555,2026-07-25T21:52:33,480,500,INCREASED,NO_CHANGE,NO_CHANGE,INCREASING,NO_CHANGE,1,1350,1390,1,3611064555,2026-07-26T22:01:02,480,480,NO_CHANGE_BALANCED,NO_CHANGE,DECREASING,INCREASING,NO_CHANGE,0,1370,1390,1,NONE,135722326,3611064555,1,480,,,JET_LAG_AUTODETECTED,,,3611064555,2026-07-26T12:10:00.0,2026-07-26T19:59:00.0,95.0,51.0,87,41,79.0,65,44,91,348,86,6,77,79,126,77,86,132,0.116241455,LOW,HRV_LOW_2,2026-07-27T05:58:03.756,7,3611064555,RUNNING,GENERIC,RUNNING,3,PRODUCTIVE_4,0,47,OPTIMAL,FEEDBACK_2,299,373.5,199.20000000000002,249,1.1,1,135722326,50.5,51.0,0,50.0,50.0,1,850,850,1,2,DEACCLIMATIZING,169,153,0,0,2026-07-27T08:01:02.0,3611064555,MODERATE,MOD_HRV_LOW,LISTEN_TO_YOUR_BODY,63,86,82,GOOD,1,99,GOOD,82,GOOD,299,63,MODERATE,38,POOR,77,78,GOOD,1,AFTER_POST_EXERCISE_RESET,1,REACHED_ZERO,30,25.753202767944494,22.714230001974546,25.753202767944494,22.8,15.1,7.7,23.723383811354875,1,0,2.8,3,27.55720492009757,2,0,6,43,0,171.5,0,6,2026-07-27T00:00:00.0,,63,MODERATE,LISTEN_TO_YOUR_BODY,86,78,38,77,63,299,82,7,77,86,132,0.116241455,88.0,Indoor Cycling,indoor_cycling,23746169232,,,,,,,,,ACCLIMATIZED,1,,,,,,,,,,,,,,,,,,ACTIVITY,2026-07-26T21:47:35,36000000,720000,-2,EXERCISE_TRAINING_EFFECT_BELOW_2,EASY_RECOVERY,3611064555,Treadmill Running,treadmill_running,23746079786,2026-07-26T22:01:01,
2026-07-28,,,,,,103,UNBALANCED,8.42,,90,PRODUCTIVE_5,77,22.4,28.1,30.8,-2.6,,,,,,,,,,,,,,,,,,,,,,2836.0,501.0,2335.0,2836.0,10042,9690,9690,501.0,501.0,2,private,10210,2026-07-27T14:00:00.0,2026-07-28T00:00:00.0,2026-07-28T14:00:00.0,2026-07-29T00:00:00.0,86400000,2987,1920,54080,27413,1,1,0,0,6,37,100.584,51.508,33.0,16.89895,150,10,38,128,41,46,26,87,27900,40980,7440,6960,83280,19560,6840,1500,33.5,49.21,8.93,8.36,23.49,8.21,1.8,BALANCED,51900,24420,39,127,58,70,100,31,39,65,100,3.0,95.0,86,98,2026-07-28T14:00:00.0,2026-07-29T00:00:00.0,109.0,2026-07-28T12:41:42,HIGH,SLEEP_PREPARATION_RECOVERING_AND_EXERCISE,SLEEP_PREPARATION_RECOVERING_AND_EXERCISE,2026-07-28T13:30:12,HIGH,SLEEP_TIME_PASSED_RECOVERING_AND_EXERCISE,SLEEP,2026-07-27T12:11:01,36000000,31080000,65,NONE,NONE,3611064555,2026-07-27T20:50:51,RECOVERY,2026-07-28T12:08:23,36000000,1320000,2,RECOVERY_EVENING,RESTFUL_PERIOD,3611064555,2026-07-28T12:52:21,13.0,29.0,6.0,17.0,2026-07-28T14:00:00.0,200,30300,0,1,1785154261000,1785185341000,1785190261000,1785221341000,0,8040,17580,4680,780,1,0,1,96.0,86,100,46.0,14.0,6.0,17.0,1,10.0,ADULT,46.0,POSITIVE_HIGHLY_RECOVERING,POSITIVE_RESTFUL_DAY,STRESS_POS_EXCELLENT_OR_GOOD_SLEEP_RESTFUL_DAY,EXCELLENT,28800.0,28800.0,EXCELLENT,0.0,15.0,GOOD,0.0,1.0,90,EXCELLENT,15,FAIR,21.0,31.0,6363.0,9393.0,GOOD,0.0,5.0,58,EXCELLENT,30.0,64.0,9090.0,19392.0,27,EXCELLENT,16.0,33.0,4848.0,9999.0,2,3611064555,2026-07-26T22:01:02,480,480,NO_CHANGE_BALANCED,NO_CHANGE,DECREASING,INCREASING,NO_CHANGE,0,1370,1390,1,3611064555,2026-07-27T22:00:10,480,480,NO_CHANGE_BALANCED,NO_CHANGE,DECREASING,INCREASING,NO_CHANGE,0,1370,1390,1,NONE,135722326,3611064555,1,480,,,JET_LAG_AUTODETECTED,,,3611064555,2026-07-27T12:12:00.0,2026-07-27T20:00:00.0,96.0,46.0,86,59,103.0,65,41,134,293,78,13,82,103,155,77,86,132,0.205307,UNBALANCED,HRV_UNBALANCED_10,2026-07-27T20:52:20.150,7,3611064555,RUNNING,GENERIC,RUNNING,3,PRODUCTIVE_5,0,47,OPTIMAL,FEEDBACK_2,297,373.5,199.20000000000002,249,1.1,1,135722326,50.5,51.0,0,50.0,50.0,1,850,850,0,1,,66,169,0,0,2026-07-28T08:00:09.0,3611064555,HIGH,HIGH_HRV_UNBALANCED,LISTEN_TO_YOUR_BODY,77,90,90,VERY_GOOD,1,99,GOOD,83,GOOD,297,83,GOOD,59,MODERATE,82,81,GOOD,1,AFTER_POST_EXERCISE_RESET,1,REACHED_ZERO,30,25.753202767944494,22.714230001974546,25.753202767944494,22.8,15.1,7.7,23.723383811354875,1,0,2.8,3,27.55720492009757,2,0,6,43,0,177.6,0,6,2026-07-28T00:00:00.0,,77,HIGH,LISTEN_TO_YOUR_BODY,90,81,59,82,83,297,83,7,82,86,132,0.205307,75.0,,,,,,,,,,,,ACCLIMATIZED,1,,,,,,,,,,,,,,,,,,,,,,,,,,,,,,
2026-07-29,,,,,,104,UNBALANCED,6.75,,83,PRODUCTIVE_5,75,39.4,28.4,32.0,-3.6,,,,,,,,,,,,,,,,,,,,,,3013.0,678.0,2335.0,3013.0,10091,9958,8561,678.0,678.0,2,private,5890,2026-07-28T16:00:00.0,2026-07-29T00:00:00.0,2026-07-29T16:00:00.0,2026-07-30T00:00:00.0,86400000,487,5456,61873,18584,1,1,0,0,4,29,78.487,85.351,25.75033,28.0023,150,10,38,142,40,45,40,98,49560,18420,13140,5280,86400,24720,20700,4140,57.36,21.32,15.21,6.11,28.61,23.96,4.79,STRESSFUL,66360,14760,39,140,36,89,99,10,10,65,98,3.0,95.0,86,96,2026-07-29T16:00:00.0,2026-07-30T00:00:00.0,822.0,2026-07-29T12:27:35,MODERATE,SLEEP_PREPARATION_STRESSFUL_AND_EXERCISE,SLEEP_PREPARATION_STRESSFUL_AND_EXERCISE,2026-07-29T13:11:41,LOW,SLEEP_TIME_PASSED_STRESSFUL_AND_EXERCISE,SLEEP,2026-07-28T13:12:08,28800000,24840000,65,NONE,NONE,3611064555,2026-07-28T20:28:15,ACTIVITY,2026-07-28T20:28:35,28800000,1980000,-9,EXERCISE_TRAINING_EFFECT_2,MAINTAINING_AEROBIC,3611064555,2026-07-28T21:02:24,14.0,23.0,6.0,11.0,2026-07-29T16:00:00.0,200,24300,0,1,1785244328000,1785269168000,1785280328000,1785305168000,0,8640,10560,5100,540,1,0,1,96.0,89,100,45.0,14.0,10.0,17.0,1,8.0,ADULT,45.0,POSITIVE_RECOVERING,POSITIVE_RESTFUL_EVENING,MOD_EXERCISE_POS_EXCELLENT_OR_GOOD_SLEEP_MODERATE_DURING_DAY,FAIR,28800.0,28800.0,EXCELLENT,0.0,15.0,EXCELLENT,0.0,1.0,83,GOOD,21,GOOD,21.0,31.0,5103.0,7533.0,EXCELLENT,0.0,5.0,43,EXCELLENT,30.0,64.0,7290.0,15552.0,36,EXCELLENT,16.0,33.0,3888.0,8019.0,2,3611064555,2026-07-27T22:00:10,480,480,NO_CHANGE_BALANCED,NO_CHANGE,DECREASING,INCREASING,NO_CHANGE,0,1370,1390,1,3611064555,2026-07-28T21:02:26,480,480,NO_CHANGE_NO_ADJUSTMENTS,NO_CHANGE,NO_CHANGE,NO_CHANGE,NO_CHANGE,0,1360,1380,1,NONE,135722326,3611064555,1,480,,,JET_LAG_AUTODETECTED,,,3611064555,2026-07-28T13:13:00.0,2026-07-28T20:00:00.0,96.0,45.0,89,29,104.0,65,40,144,176,85,9,86,104,150,77,87,132,0.2495575,UNBALANCED,HRV_UNBALANCED_10,2026-07-29T10:31:05.72,7,3611064555,RUNNING,GENERIC,RUNNING,3,PRODUCTIVE_5,0,52,OPTIMAL,FEEDBACK_2,302,375.0,200.0,250,1.2,1,135722326,50.5,51.0,0,50.0,50.0,1,850,850,0,0,,294,66,0,0,2026-07-29T17:05:11.0,3611064555,HIGH,HIGH_HRV_UNBALANCED,LISTEN_TO_YOUR_BODY,75,83,76,GOOD,278,92,GOOD,82,GOOD,302,87,GOOD,69,MODERATE,86,87,GOOD,1,UPDATE_REALTIME_VARIABLES,1,,30,25.010716628147456,22.714230001974546,25.753202767944494,22.8,15.1,7.7,22.714230001974546,1,0,3.0,,,,0,6,43,0,182.5,0,6,2026-07-29T00:00:00.0,,75,HIGH,LISTEN_TO_YOUR_BODY,83,87,69,86,87,302,82,7,86,87,132,0.2495575,52.0,Pool Swim,lap_swimming,23774244328,,,,,,,,,ACCLIMATIZED,278,,,,,,,,,,,,,,,,,,,,,,,,,,,,,,
2026-07-30,,,,,,69,UNBALANCED,6.12,,64,PRODUCTIVE_5,28,48.7,28.9,34.4,-5.5,50.4,,,,,,,,,,,,,,,,,,,,,3289.0,954.0,2335.0,3289.0,15186,15146,15146,954.0,954.0,2,private,6310,2026-07-29T16:00:00.0,2026-07-30T00:00:00.0,2026-07-30T16:00:00.0,2026-07-31T00:00:00.0,86400000,4682,3040,56154,22524,1,1,0,0,7,63,150.979,128.798,49.53379,42.25656,150,10,45,158,48,45,44,96,51120,17700,7740,9840,86400,22980,21780,6360,59.17,20.49,8.96,11.39,26.6,25.21,7.36,STRESSFUL,54180,22380,46,157,45,50,55,5,5,45,55,3.0,96.0,84,96,2026-07-29T21:59:00.0,2026-07-30T05:59:00.0,170.0,2026-07-30T14:29:06,VERY_LOW,SLEEP_PREPARATION_STRESSFUL_AND_INTENSIVE_EXERCISE,SLEEP_PREPARATION_STRESSFUL_AND_INTENSIVE_EXERCISE_AND_BB_LOW,2026-07-30T15:15:35,VERY_LOW,SLEEP_TIME_PASSED_STRESSFUL_AND_INTENSIVE_EXERCISE,SLEEP,2026-07-29T14:56:24,28800000,26340000,45,NONE,NONE,3611064555,2026-07-29T22:29:25,ACTIVITY,2026-07-29T22:52:50,28800000,4440000,-13,EXERCISE_TRAINING_EFFECT_3,IMPROVING_AEROBIC_BASE,3611064555,2026-07-30T00:07:25,14.0,35.0,6.0,17.0,2026-07-30T16:00:00.0,200,22020,0,1,1785336984000,1785363324000,1785365784000,1785392124000,0,4020,14340,3660,4320,1,0,1,97.0,84,100,53.0,14.0,7.0,18.0,3,22.0,ADULT,53.0,NEGATIVE_DISCONTINUOUS,NEGATIVE_STRESSFUL_DAY,STRESS_NEG_GOOD_OR_WORSE_SLEEP_STRESSFUL_DAY,FAIR,28800.0,28800.0,FAIR,0.0,15.0,POOR,0.0,1.0,64,FAIR,17,FAIR,21.0,31.0,4624.2,6826.2,POOR,0.0,5.0,65,FAIR,30.0,64.0,6606.0,14092.8,18,EXCELLENT,16.0,33.0,3523.2,7266.6,2,3611064555,2026-07-28T21:02:26,480,480,NO_CHANGE_NO_ADJUSTMENTS,NO_CHANGE,NO_CHANGE,NO_CHANGE,NO_CHANGE,0,1360,1380,1,3611064555,2026-07-30T00:07:28,480,540,HIGHLY_INCREASED,NO_CHANGE,INCREASING,INCREASING,NO_CHANGE,1,1300,1380,1,NONE,135722326,3611064555,1,480,-120,360,ALIGNED,120,156,3611064555,2026-07-29T14:57:00.0,2026-07-29T21:59:00.0,97.0,53.0,84,41,69.0,45,48,67,239,61,72,83,69,123,77,86,132,0.21447754,UNBALANCED,HRV_UNBALANCED_10,2026-07-29T22:30:31.916,7,3611064555,RUNNING,GENERIC,RUNNING,3,PRODUCTIVE_5,0,52,OPTIMAL,FEEDBACK_2,331,388.5,207.20000000000002,259,1.2,1,135722326,50.4,50.0,0,50.0,50.0,1,850,850,0,0,,1133,294,0,0,2026-07-30T08:07:28.0,3611064555,LOW,LOW_HRV_UNBALANCED,LISTEN_TO_YOUR_BODY,28,64,46,MODERATE,1334,64,MODERATE,77,GOOD,347,75,GOOD,61,MODERATE,83,80,GOOD,1,AFTER_POST_EXERCISE_RESET,1,REACHED_ZERO,30,25.010716628147456,22.714230001974546,25.010716628147456,22.8,15.1,7.7,22.714230001974546,1,0,3.1,,,,0,6,43,0,187.5,0,6,2026-07-30T00:00:00.0,,28,LOW,LISTEN_TO_YOUR_BODY,64,80,61,83,75,347,77,7,83,86,132,0.21447754,97.0,Singapore Running,running,23785126319,,,,,,,,,ACCLIMATIZED,1334,,,,135722326,50.4,50.0,0,850,850,0,0,,ACCLIMATIZED,1133,294,0,0,,,,,,,,,,,,,
2026-07-31,,,,,,68,UNBALANCED,7.48,,66,PRODUCTIVE_5,38,0.0,28.2,29.5,-1.3,,,,,,,,,,,,,,,,,,,,,,3014.0,96.0,2918.0,3014.0,5902,5047,5047,96.0,96.0,2,private,8070,2026-07-30T16:00:00.0,2026-07-31T00:00:00.0,2026-07-31T22:00:00.0,2026-08-01T00:00:00.0,108000000,741,1745,66884,38630,1,0,0,0,0,0,94.488,24.771,31.0,8.12697,150,10,45,100,50,45,33,91,46080,34080,10140,16140,106440,32100,13020,960,43.29,32.02,9.53,15.16,30.16,12.23,0.9,STRESSFUL,61380,28920,46,91,57,37,56,5,56,46,51,3.0,92.0,87,96,2026-07-31T22:00:00.0,2026-08-01T06:00:00.0,595.0,2026-07-31T20:00:30,LOW,,EARLY_MORNING_LOW_GOOD_SLEEP_DURATION_LOW_BB_BEFORE_SLEEP_HRV,2026-07-31T18:20:43,HIGH,SLEEP_TIME_PASSED_BALANCED_AND_INACTIVE,SLEEP,2026-07-30T17:06:25,28800000,29640000,46,NONE,NONE,3611064555,2026-07-31T01:34:11,RECOVERY,2026-07-31T15:03:55,7200000,3720000,2,RECOVERY_EVENING,RESTFUL_PERIOD,3611064555,2026-07-31T19:19:32,13.0,20.0,7.0,14.0,2026-07-31T22:00:00.0,200,26940,0,1,1785431185000,1785460825000,1785459985000,1785489625000,0,780,19740,6420,2700,1,0,1,,,,,14.0,8.0,18.0,2,23.0,ADULT,53.0,NEGATIVE_LONG_BUT_LIGHT,NEGATIVE_ACCLIMATIZATION_IN_PROGRESS,ALTITUDE_NEG_FAIR_SLEEP,GOOD,28800.0,28800.0,FAIR,0.0,15.0,FAIR,0.0,1.0,66,FAIR,24,EXCELLENT,21.0,31.0,5657.4,8351.4,FAIR,0.0,5.0,73,FAIR,30.0,64.0,8082.0,17241.6,3,POOR,16.0,33.0,4310.4,8890.2,2,3611064555,2026-07-30T00:07:28,480,540,HIGHLY_INCREASED,NO_CHANGE,INCREASING,INCREASING,NO_CHANGE,1,1300,1380,1,3611064555,2026-07-31T01:34:13,480,530,HIGHLY_INCREASED,NO_CHANGE,INCREASING,INCREASING,NO_CHANGE,1,1320,1390,1,,135722326,3611064555,1,480,-120,360,BEHIND,120,313,,,,,,,21,68.0,46,50,13,329,107,45,84,68,109,76,85,132,0.2272644,UNBALANCED,HRV_UNBALANCED_8,2026-07-31T02:17:46.212,7,3611064555,RUNNING,GENERIC,RUNNING,3,PRODUCTIVE_5,0,42,OPTIMAL,FEEDBACK_2,269,378.0,201.60000000000002,252,1.0,1,135722326,50.4,50.0,0,50.0,50.0,1,0,850,0,0,,2,0,0,0,2026-07-31T09:34:12.0,3611064555,LOW,LOW_HRV_UNBALANCED,LISTEN_TO_YOUR_BODY,38,66,49,MODERATE,1,99,GOOD,86,GOOD,285,58,MODERATE,64,MODERATE,84,55,MODERATE,1,AFTER_WAKEUP_RESET,1,NO_CHANGE_SLEEP,30,25.010716628147456,22.714230001974546,25.010716628147456,22.8,15.1,7.7,22.714230001974546,1,0,3.1,,,,0,6,43,0,187.5,0,6,2026-07-30T00:00:00.0,,38,LOW,LISTEN_TO_YOUR_BODY,66,55,64,84,58,285,86,7,84,85,132,0.2272644,,,,,,,,,,,,,,1,,,,,,,,,,,,,,,,,,,,,,,,,,,,,,
2026-08-01,,,,,,54,UNBALANCED,8.95,,73,PRODUCTIVE_5,25,64.2,29.1,34.4,-5.4,,91.38,1785562962549,1785570144000,26.700000762939453,0.0,0.0,0,0,1785562944000,1785562962549,1785570144000,91379.0,26.700000762939453,0.0,0.0,0,0,INDEX_SCALE,1785562944000,600.0000000000085,3074.0,732.0,2342.0,3074.0,6506,7813,5513,732.0,732.0,2,private,7860,2026-07-31T22:00:00.0,2026-08-01T00:00:00.0,2026-08-01T22:00:00.0,2026-08-02T00:00:00.0,86400000,298,3126,56626,26350,1,1,0,0,5,44,67.977,21.789,22.30217,7.14862,150,10,49,153,49,45,40,91,49800,16800,11700,6240,84540,33840,10080,5880,58.91,19.87,13.84,7.38,40.03,11.92,6.96,STRESSFUL,52500,25800,50,151,12,52,68,16,16,19,68,3.0,95.0,85,98,2026-08-01T22:00:00.0,2026-08-02T00:00:00.0,-4.0,2026-08-01T18:40:22,MODERATE,SLEEP_PREPARATION_STRESSFUL_AND_INTENSIVE_EXERCISE,SLEEP_PREPARATION_STRESSFUL_AND_INTENSIVE_EXERCISE,2026-08-01T21:30:17,MODERATE,SLEEP_TIME_PASSED_STRESSFUL_AND_INTENSIVE_EXERCISE,SLEEP,2026-07-31T19:30:10,7200000,35340000,19,NONE,NONE,3611064555,2026-08-01T05:38:44,ACTIVITY,2026-08-01T07:34:22,7200000,2880000,-10,EXERCISE_TRAINING_EFFECT_3,IMPROVING_AEROBIC_BASE,3611064555,2026-08-01T08:22:35,13.0,21.0,6.0,16.0,2026-08-01T22:00:00.0,200,32220,0,1,1785526210000,1785561550000,1785533410000,1785568750000,0,8460,17820,5940,3120,1,0,1,95.0,85,100,57.0,14.0,8.0,20.0,2,28.0,ADULT,57.0,NEGATIVE_LONG_BUT_NOT_RESTORATIVE,NONE,MOD_EXERCISE_NEG_FAIR_OR_POOR_SLEEP_INACTIVITY,EXCELLENT,28800.0,28800.0,POOR,0.0,15.0,FAIR,0.0,1.0,73,FAIR,18,FAIR,21.0,31.0,6766.2,9988.2,FAIR,0.0,5.0,55,EXCELLENT,30.0,64.0,9666.0,20620.8,26,EXCELLENT,16.0,33.0,5155.2,10632.6,2,3611064555,2026-07-31T01:34:13,480,530,HIGHLY_INCREASED,NO_CHANGE,INCREASING,INCREASING,NO_CHANGE,1,1320,1390,1,3611064555,2026-08-01T08:22:37,480,480,NO_CHANGE_NO_ADJUSTMENTS,NO_CHANGE,NO_CHANGE,NO_CHANGE,NO_CHANGE,0,1370,1390,1,NONE,135722326,3611064555,1,480,,,JET_LAG_AUTODETECTED,,,3611064555,2026-07-31T20:01:00.0,2026-08-01T04:00:00.0,95.0,57.0,85,48,54.0,19,49,141,297,99,52,80,54,87,76,85,132,0.17945862,UNBALANCED,HRV_UNBALANCED_12,2026-08-01T05:39:04.586,7,3611064555,RUNNING,GENERIC,RUNNING,3,PRODUCTIVE_5,0,52,OPTIMAL,FEEDBACK_2,336,403.5,215.20000000000002,269,1.2,1,135722326,50.4,50.0,0,50.0,50.0,1,0,0,0,0,,4,0,0,0,2026-08-01T11:30:02.0,3611064555,LOW,LOW_HRV_UNBALANCED,LISTEN_TO_YOUR_BODY,25,73,59,MODERATE,1329,64,MODERATE,80,GOOD,336,63,MODERATE,53,MODERATE,80,48,MODERATE,1,UPDATE_REALTIME_VARIABLES,1,,30,24.937048413885776,22.714230001974546,25.010716628147456,0.0,,,,,0,3.1,,,,0,6,43,0,194.8,0,6,2026-08-01T00:00:00.0,,25,LOW,LISTEN_TO_YOUR_BODY,73,48,53,80,63,336,80,7,80,85,132,0.17945862,77.0,Pool Swim,lap_swimming,23808870314,,,,,,,,,,1329,,,,,,,,,,,,,,,,,,,,,,,,,,,,,,
2026-08-02,,,,,,91,UNBALANCED,6.62,,75,PRODUCTIVE_5,50,0.0,28.4,29.5,-1.1,,,,,,,,,,,,,,,,,,,,,,777.0,2.0,775.0,777.0,305,257,257,2.0,2.0,2,private,7590,2026-08-01T22:00:00.0,2026-08-02T00:00:00.0,2026-08-02T05:57:00.0,2026-08-02T07:57:00.0,28620000,47,69,3424,25080,1,0,0,0,0,0,10.949,5.149,3.59219,1.6893,150,10,42,84,44,45,15,70,2520,24360,780,960,28620,2100,420,,8.81,85.12,2.73,3.35,7.34,1.47,0.0,UNKNOWN,3060,24600,42,80,63,2,78,15,77,63,78,3.0,93.0,83,92,2026-08-02T04:00:00.0,2026-08-02T06:00:00.0,7.0,2026-08-02T05:56:02,HIGH,,EARLY_MORNING_NO_DATA,2026-08-02T00:13:01,HIGH,SLEEP_TIME_PASSED_STRESSFUL_AND_INACTIVE,,,,,,,,,,,,,,,,,,,13.0,19.0,6.0,11.0,2026-08-02T05:57:00.0,200,23820,0,1,1785623494000,1785648574000,1785630694000,1785655774000,0,4020,15840,3960,1260,1,0,1,94.0,83,100,,13.0,7.0,18.0,1,15.0,ADULT,49.0,POSITIVE_DEEP,POSITIVE_EXERCISE,GENERAL_POS_FAIR_OR_POOR_SLEEP,FAIR,28800.0,28800.0,GOOD,0.0,15.0,GOOD,0.0,1.0,75,FAIR,17,FAIR,21.0,31.0,5002.2,7384.2,FAIR,0.0,5.0,66,FAIR,30.0,64.0,7146.0,15244.8,17,GOOD,16.0,33.0,3811.2,7860.6,2,3611064555,2026-08-01T08:22:37,480,480,NO_CHANGE_NO_ADJUSTMENTS,NO_CHANGE,NO_CHANGE,NO_CHANGE,NO_CHANGE,0,1370,1390,1,3611064555,2026-08-02T05:57:47,480,520,INCREASED,NO_CHANGE,INCREASING,INCREASING,NO_CHANGE,1,1320,1380,1,NONE,135722326,3611064555,1,480,,,JET_LAG_AUTODETECTED,,,3611064555,2026-08-01T22:32:00.0,2026-08-02T04:00:00.0,94.0,,83,59,91.0,63,44,67,264,66,21,79,91,128,76,85,132,0.16885376,UNBALANCED,HRV_UNBALANCED_10,2026-08-02T05:58:13.757,7,3611064555,RUNNING,GENERIC,RUNNING,3,PRODUCTIVE_5,0,42,OPTIMAL,FEEDBACK_2,268,393.0,209.60000000000002,262,1.0,1,135722326,50.4,50.0,0,50.0,50.0,1,0,0,0,0,,0,0,0,0,2026-08-02T07:57:47.0,3611064555,MODERATE,MOD_HRV_UNBALANCED,LISTEN_TO_YOUR_BODY,50,75,62,MODERATE,102,97,GOOD,90,GOOD,268,64,MODERATE,50,MODERATE,79,55,MODERATE,1,AFTER_WAKEUP_RESET,1,NO_CHANGE_SLEEP,30,25.07333361458913,22.714230001974546,24.937048413885776,0.0,,,,,0,3.1,,,,0,6,44,0,163.6,0,6,2026-08-02T00:00:00.0,,50,MODERATE,LISTEN_TO_YOUR_BODY,75,55,50,79,64,268,90,7,79,85,132,0.16885376,,,,,,,,,,,,,,102,,,,,,,,,,,,,,,,,,,,,,,,,,,,,,2026-08-02T05:57:59.127
